Rk,Player,First_Name,Last_Name,Pos,Age,Tm,G,GS,MP,FG,FGA,FG%,3P,3PA,3P%,2P,2PA,2P%,eFG%,FT,FTA,FT%,ORB,DRB,TRB,AST,STL,BLK,TOV,PF,PTS
1,Steven Adams,Steven,Adams,C,26,OKC,63,63,26.7,4.5,7.6,0.592,0,0,0.333,4.5,7.5,0.594,0.593,1.9,3.2,0.582,3.3,6,9.3,2.3,0.8,1.1,1.5,1.9,10.9
2,Bam Adebayo,Bam,Adebayo,PF,22,MIA,72,72,33.6,6.1,11,0.557,0,0.2,0.143,6.1,10.8,0.564,0.558,3.7,5.3,0.691,2.4,7.8,10.2,5.1,1.1,1.3,2.8,2.5,15.9
3,LaMarcus Aldridge,LaMarcus,Aldridge,C,34,SAS,53,53,33.1,7.4,15,0.493,1.2,3,0.389,6.2,12,0.519,0.532,3,3.6,0.827,1.9,5.5,7.4,2.4,0.7,1.6,1.4,2.4,18.9
4,Kyle Alexander,Kyle,Alexander,C,23,MIA,2,0,6.5,0.5,1,0.5,0,0,,0.5,1,0.5,0.5,0,0,,1,0.5,1.5,0,0,0,0.5,0.5,1
5,Nickeil Alexander-Walker,Nickeil,Alexander-Walker,SG,21,NOP,47,1,12.6,2.1,5.7,0.368,1,2.8,0.346,1.1,2.8,0.391,0.455,0.5,0.8,0.676,0.2,1.6,1.8,1.9,0.4,0.2,1.1,1.2,5.7
6,Grayson Allen,Grayson,Allen,SG,24,MEM,38,0,18.9,3.1,6.6,0.466,1.5,3.7,0.404,1.6,2.9,0.545,0.58,1,1.2,0.867,0.2,2,2.2,1.4,0.3,0.1,0.9,1.4,8.7
7,Jarrett Allen,Jarrett,Allen,C,21,BRK,70,64,26.5,4.3,6.6,0.649,0,0.1,0,4.3,6.6,0.658,0.649,2.4,3.9,0.633,3.1,6.5,9.6,1.6,0.6,1.3,1.1,2.3,11.1
8,Kadeem Allen,Kadeem,Allen,PG,27,NYK,10,0,11.7,1.9,4.4,0.432,0.5,1.6,0.313,1.4,2.8,0.5,0.489,0.7,1.1,0.636,0.2,0.7,0.9,2.1,0.5,0.2,0.8,0.7,5
9,Al-Farouq Aminu,Al-Farouq,Aminu,PF,29,ORL,18,2,21.1,1.4,4.8,0.291,0.5,2,0.25,0.9,2.8,0.32,0.343,1.1,1.6,0.655,1.3,3.5,4.8,1.2,1,0.4,0.9,1.5,4.3
10,Justin Anderson,Justin,Anderson,SG,26,BRK,10,1,10.7,1,3.8,0.263,0.6,2.9,0.207,0.4,0.9,0.444,0.342,0.2,0.4,0.5,0.1,2,2.1,0.8,0,0.6,0.4,1.3,2.8
11,Kyle Anderson,Kyle,Anderson,SF,26,MEM,67,28,19.9,2.3,4.9,0.474,0.4,1.3,0.282,2,3.7,0.541,0.511,0.8,1.2,0.667,0.9,3.4,4.3,2.4,0.8,0.6,1,1.7,5.8
12,Ryan Anderson,Ryan,Anderson,C,31,HOU,2,0,7,1,3.5,0.286,0.5,2.5,0.2,0.5,1,0.5,0.357,0,0,,0,3.5,3.5,1,0.5,0,0.5,0.5,2.5
13,Giannis Antetokounmpo,Giannis,Antetokounmpo,PF,25,MIL,63,63,30.4,10.9,19.7,0.553,1.4,4.7,0.304,9.5,15,0.631,0.589,6.3,10,0.633,2.2,11.4,13.6,5.6,1,1,3.7,3.1,29.5
14,Kostas Antetokounmpo,Kostas,Antetokounmpo,PF,22,LAL,5,0,4,0.6,0.6,1,0,0,,0.6,0.6,1,1,0.2,0.4,0.5,0.4,0.2,0.6,0.4,0,0,0.2,0.4,1.4
15,Thanasis Antetokounmpo,Thanasis,Antetokounmpo,SF,27,MIL,20,2,6.5,1.2,2.4,0.5,0,0.5,0,1.2,1.9,0.632,0.5,0.4,0.9,0.412,0.6,0.6,1.2,0.8,0.4,0.1,0.6,0.9,2.8
16,Carmelo Anthony,Carmelo,Anthony,PF,35,POR,58,58,32.8,5.8,13.5,0.43,1.5,3.9,0.385,4.3,9.6,0.448,0.485,2.3,2.8,0.845,1.2,5.1,6.3,1.5,0.8,0.5,1.7,2.9,15.4
17,OG Anunoby,OG,Anunoby,SF,22,TOR,69,68,29.9,4.1,8.2,0.505,1.3,3.3,0.39,2.9,4.9,0.583,0.584,1,1.5,0.706,1.2,4.1,5.3,1.6,1.4,0.7,1.1,2.4,10.6
18,Ryan Arcidiacono,Ryan,Arcidiacono,PG,25,CHI,58,4,16,1.6,3.8,0.409,0.9,2.4,0.391,0.6,1.4,0.439,0.532,0.5,0.7,0.711,0.3,1.6,1.9,1.7,0.5,0.1,0.6,1.7,4.5
19,Trevor Ariza,Trevor,Ariza,SF,34,TOT,53,21,28.2,2.7,6.1,0.438,1.5,3.9,0.372,1.2,2.2,0.556,0.557,1.2,1.4,0.838,0.6,4,4.6,1.7,1.3,0.3,1.1,2.1,8
19,Trevor Ariza,Trevor,Ariza,SF,34,SAC,32,0,24.7,2,5.2,0.388,1.3,3.8,0.352,0.7,1.3,0.488,0.518,0.7,0.8,0.778,0.7,3.9,4.6,1.6,1.1,0.2,0.9,2,6
19,Trevor Ariza,Trevor,Ariza,SF,34,POR,21,21,33.4,3.7,7.6,0.491,1.6,4,0.4,2.1,3.5,0.595,0.597,2,2.2,0.872,0.6,4.1,4.8,2,1.6,0.4,1.3,2.3,11
20,D.J. Augustin,D.J.,Augustin,PG,32,ORL,57,13,24.9,3.2,8.1,0.399,1.2,3.5,0.348,2,4.6,0.438,0.475,2.8,3.2,0.89,0.4,1.8,2.1,4.6,0.6,0,1.5,1.3,10.5
21,Deandre Ayton,Deandre,Ayton,C,21,PHO,38,32,32.5,8.2,14.9,0.546,0.1,0.3,0.231,8.1,14.6,0.553,0.548,1.8,2.3,0.753,3.9,7.6,11.5,1.9,0.7,1.5,2.1,3.1,18.2
22,Dwayne Bacon,Dwayne,Bacon,SG,24,CHO,39,11,17.6,2.2,6.3,0.348,0.5,1.7,0.284,1.7,4.5,0.373,0.387,0.9,1.4,0.66,0.4,2.2,2.6,1.3,0.6,0.1,0.9,1.3,5.7
23,Marvin Bagley III,Marvin,Bagley III,C,20,SAC,13,6,25.7,6,12.8,0.467,0.3,1.7,0.182,5.7,11.2,0.51,0.479,1.9,2.4,0.806,2.2,5.2,7.5,0.8,0.5,0.9,1.4,3.3,14.2
24,Lonzo Ball,Lonzo,Ball,PG,22,NOP,63,54,32.1,4.4,10.9,0.403,2.3,6.3,0.375,2,4.6,0.442,0.511,0.7,1.2,0.566,1.1,5,6.1,7,1.4,0.6,3.1,2,11.8
25,Mo Bamba,Mo,Bamba,C,21,ORL,62,0,14.2,2.1,4.6,0.462,0.6,1.7,0.346,1.5,2.9,0.531,0.526,0.5,0.7,0.674,1.6,3.3,4.9,0.7,0.4,1.4,0.7,1.9,5.4
26,J.J. Barea,J.J.,Barea,PG,35,DAL,29,6,15.5,2.9,7.1,0.411,1.1,2.9,0.376,1.8,4.2,0.434,0.488,0.7,0.8,0.909,0.3,1.5,1.8,3.9,0.2,0.1,1.3,0.9,7.7
27,Harrison Barnes,Harrison,Barnes,PF,27,SAC,72,72,34.5,5.1,11,0.46,1.4,3.7,0.381,3.7,7.3,0.501,0.525,3,3.7,0.801,1.1,3.9,4.9,2.2,0.6,0.2,1.2,1.3,14.5
28,RJ Barrett,RJ,Barrett,SG,19,NYK,56,55,30.4,5.2,13,0.402,1.1,3.5,0.32,4.1,9.5,0.432,0.445,2.8,4.5,0.614,0.9,4.1,5,2.6,1,0.3,2.2,2.2,14.3
29,Will Barton,Will,Barton,SF,29,DEN,58,58,33,5.7,12.7,0.45,1.9,5,0.375,3.9,7.8,0.498,0.523,1.8,2.3,0.767,1.3,5,6.3,3.7,1.1,0.5,1.5,2.1,15.1
30,Keita Bates-Diop,Keita,Bates-Diop,PF-SF,24,TOT,44,0,16.9,2.3,5.3,0.427,0.8,2.3,0.33,1.5,3,0.504,0.5,1.2,1.7,0.72,0.6,2.3,2.9,0.7,0.4,0.5,0.4,1,6.5
30,Keita Bates-Diop,Keita,Bates-Diop,PF,24,MIN,37,0,17.5,2.4,5.6,0.422,0.8,2.5,0.33,1.5,3,0.5,0.498,1.2,1.8,0.708,0.6,2.4,3,0.8,0.5,0.5,0.4,1,6.8
30,Keita Bates-Diop,Keita,Bates-Diop,SF,24,DEN,7,0,14,1.9,4,0.464,0.4,1.3,0.333,1.4,2.7,0.526,0.518,1.1,1.4,0.8,0.6,1.9,2.4,0,0.3,0.6,0.4,1,5.3
31,Nicolas Batum,Nicolas,Batum,SF,31,CHO,22,3,23,1.3,3.7,0.346,0.6,2.2,0.286,0.6,1.5,0.438,0.432,0.4,0.5,0.9,1.1,3.4,4.5,3,0.8,0.4,1,1.9,3.6
32,Aron Baynes,Aron,Baynes,C,33,PHO,42,28,22.2,4.4,9.1,0.48,1.4,4,0.351,3,5.1,0.582,0.558,1.3,1.8,0.747,1.7,4,5.6,1.6,0.2,0.5,1.2,3.4,11.5
33,Kent Bazemore,Kent,Bazemore,SF,30,TOT,68,21,24.8,2.9,7.9,0.375,1.2,3.6,0.344,1.7,4.3,0.4,0.453,1.7,2.2,0.769,0.4,3.9,4.3,1.4,1.1,0.6,1.3,2.9,8.8
33,Kent Bazemore,Kent,Bazemore,SF,30,POR,43,21,25.8,2.6,7.6,0.347,1.3,4,0.327,1.3,3.6,0.368,0.433,1.3,1.7,0.806,0.3,3.7,4,1.4,1,0.7,1.4,2.8,7.9
33,Kent Bazemore,Kent,Bazemore,SF,30,SAC,25,0,23.1,3.5,8.3,0.418,1.1,2.9,0.384,2.4,5.4,0.437,0.486,2.2,3,0.733,0.6,4.3,4.9,1.3,1.2,0.4,1.2,3,10.3
34,Darius Bazley,Darius,Bazley,PF,19,OKC,61,9,18.5,2,5.2,0.394,0.8,2.3,0.348,1.2,2.9,0.432,0.472,0.7,1,0.694,0.5,3.5,4,0.7,0.4,0.7,0.7,0.9,5.6
35,Bradley Beal,Bradley,Beal,SG,26,WAS,57,57,36,10.4,22.9,0.455,3,8.4,0.353,7.4,14.4,0.515,0.52,6.8,8,0.842,0.9,3.3,4.2,6.1,1.2,0.4,3.4,2.2,30.5
36,Malik Beasley,Malik,Beasley,SG,23,TOT,55,14,22,4.1,9.7,0.425,1.9,5,0.388,2.2,4.7,0.465,0.525,1,1.2,0.818,0.3,2.4,2.7,1.4,0.7,0.1,1,1.4,11.2
36,Malik Beasley,Malik,Beasley,SG,23,DEN,41,0,18.2,2.9,7.3,0.389,1.4,3.9,0.36,1.4,3.4,0.421,0.485,0.8,0.9,0.868,0.2,1.7,1.9,1.2,0.8,0.1,0.9,1.2,7.9
36,Malik Beasley,Malik,Beasley,SG,23,MIN,14,14,33.1,7.9,16.6,0.472,3.5,8.2,0.426,4.4,8.4,0.517,0.577,1.5,2,0.75,0.6,4.4,5.1,1.9,0.6,0.1,1.5,1.9,20.7
37,Marco Belinelli,Marco,Belinelli,SG,33,SAS,57,0,15.5,2.2,5.5,0.392,1.2,3.1,0.376,1,2.4,0.412,0.498,0.8,1,0.828,0.1,1.6,1.7,1.2,0.2,0,0.3,0.8,6.3
38,Jordan Bell,Jordan,Bell,C,25,TOT,29,0,8.8,1.2,2.3,0.522,0.1,0.4,0.333,1.1,1.9,0.564,0.552,0.7,1.1,0.613,1,1.8,2.8,0.6,0.1,0.3,0.7,0.7,3.2
38,Jordan Bell,Jordan,Bell,C,25,MIN,27,0,8.7,1.2,2.2,0.533,0.1,0.3,0.222,1.1,1.9,0.588,0.55,0.6,1.1,0.586,1,1.9,2.9,0.5,0.1,0.4,0.7,0.6,3.1
38,Jordan Bell,Jordan,Bell,C,25,MEM,2,0,10.5,1.5,3.5,0.429,1,1.5,0.667,0.5,2,0.25,0.571,1,1,1,1,0.5,1.5,1,0.5,0,1.5,1,5
39,DeAndre' Bembry,DeAndre',Bembry,SG,25,ATL,43,4,21.3,2.4,5.3,0.456,0.3,1.5,0.231,2.1,3.8,0.546,0.489,0.6,1.1,0.542,0.8,2.7,3.5,1.9,1.3,0.4,1.4,2,5.8
40,Dragan Bender,Dragan,Bender,PF-C,22,TOT,16,3,17.9,2.6,5.8,0.446,0.9,2.7,0.349,1.6,3.1,0.531,0.527,0.6,0.9,0.714,1,3.6,4.6,1.8,0.3,0.6,1.3,2.6,6.7
40,Dragan Bender,Dragan,Bender,C,22,MIL,7,0,13,1.4,3,0.476,0.6,1.3,0.444,0.9,1.7,0.5,0.571,0.3,0.4,0.667,0,2.9,2.9,1.3,0,0.7,0.7,2.3,3.7
40,Dragan Bender,Dragan,Bender,PF,22,GSW,9,3,21.7,3.4,7.9,0.437,1.2,3.8,0.324,2.2,4.1,0.541,0.514,0.9,1.2,0.727,1.8,4.1,5.9,2.1,0.4,0.4,1.8,2.9,9
41,Dāvis Bertāns,Dāvis,Bertāns,PF,27,WAS,54,4,29.3,4.9,11.3,0.434,3.7,8.7,0.424,1.2,2.6,0.471,0.598,1.9,2.3,0.852,0.6,3.9,4.5,1.7,0.7,0.6,1.1,2.6,15.4
42,Patrick Beverley,Patrick,Beverley,PG,31,LAC,51,50,26.3,2.9,6.7,0.431,1.6,4,0.388,1.3,2.6,0.496,0.548,0.6,0.9,0.66,1.1,4.1,5.2,3.6,1.1,0.5,1.3,3.1,7.9
43,Khem Birch,Khem,Birch,C,27,ORL,48,24,19.2,1.5,3,0.51,0,0,0,1.5,3,0.514,0.51,1.4,2.1,0.653,1.9,2.7,4.6,1,0.4,0.5,0.6,1.9,4.4
44,Goga Bitadze,Goga,Bitadze,C,20,IND,54,2,8.7,1.3,2.8,0.467,0.1,0.8,0.19,1.1,2,0.574,0.493,0.4,0.6,0.727,0.5,1.5,2,0.4,0.2,0.7,0.5,1.2,3.2
45,Bismack Biyombo,Bismack,Biyombo,C,27,CHO,53,29,19.4,2.8,5.2,0.543,0,0,,2.8,5.2,0.543,0.543,1.7,2.8,0.603,2.3,3.5,5.8,0.9,0.2,0.9,0.9,2.2,7.4
46,Nemanja Bjelica,Nemanja,Bjelica,PF,31,SAC,72,67,27.9,4.4,9.1,0.481,1.9,4.4,0.419,2.5,4.6,0.541,0.583,1,1.2,0.821,1.5,4.8,6.4,2.8,0.9,0.6,1.4,3,11.5
47,Eric Bledsoe,Eric,Bledsoe,PG,30,MIL,61,61,27,5.5,11.5,0.475,1.2,3.5,0.344,4.3,8,0.533,0.528,2.8,3.5,0.79,0.7,3.9,4.6,5.4,0.9,0.4,2.4,2.1,14.9
48,Bogdan Bogdanović,Bogdan,Bogdanović,SG,27,SAC,61,28,29,5.5,12.6,0.44,2.7,7.2,0.372,2.8,5.3,0.532,0.547,1.4,1.9,0.741,0.4,3,3.4,3.4,1,0.2,1.7,2.2,15.1
49,Bojan Bogdanović,Bojan,Bogdanović,SF,30,UTA,63,63,33.1,6.6,14.8,0.447,3,7.3,0.414,3.6,7.6,0.479,0.548,4,4.4,0.903,0.6,3.5,4.1,2.1,0.5,0.1,2.5,1.7,20.2
50,Bol Bol,Bol,Bol,PF,20,DEN,7,0,12.4,2,4,0.5,0.6,1.3,0.444,1.4,2.7,0.526,0.571,1.1,1.4,0.8,0.7,2,2.7,0.9,0.3,0.9,1.4,1.6,5.7
51,Jonah Bolden,Jonah,Bolden,C,24,TOT,7,0,6.7,0.6,1.6,0.364,0,0.6,0,0.6,1,0.571,0.364,0.3,0.6,0.5,0.4,0.9,1.3,0,0.4,0.3,0.3,1.4,1.4
51,Jonah Bolden,Jonah,Bolden,C,24,PHI,4,0,3.5,0.5,0.8,0.667,0,0.3,0,0.5,0.5,1,0.667,0,0.5,0,0,0.3,0.3,0,0.3,0,0.5,1,1
51,Jonah Bolden,Jonah,Bolden,C,24,PHO,3,0,11,0.7,2.7,0.25,0,1,0,0.7,1.7,0.4,0.25,0.7,0.7,1,1,1.7,2.7,0,0.7,0.7,0,2,2
52,Marques Bolden,Marques,Bolden,C,21,CLE,1,0,3,0,0,,0,0,,0,0,,,0,0,,0,2,2,0,1,0,0,1,0
53,Jordan Bone,Jordan,Bone,PG,22,DET,10,0,5.3,0.5,2,0.25,0.2,1,0.2,0.3,1,0.3,0.3,0,0,,0,0.4,0.4,0.8,0.1,0,0.2,0.6,1.2
54,Isaac Bonga,Isaac,Bonga,SF,20,WAS,66,49,18.9,1.8,3.5,0.504,0.4,1.1,0.352,1.4,2.5,0.571,0.558,1,1.3,0.812,1.1,2.3,3.4,1.2,0.7,0.3,0.9,2.4,5
55,Devin Booker,Devin,Booker,SG,23,PHO,70,70,35.9,9,18.3,0.489,2,5.7,0.354,6.9,12.6,0.549,0.544,6.7,7.3,0.919,0.4,3.8,4.2,6.5,0.7,0.3,3.8,3,26.6
56,Chris Boucher,Chris,Boucher,C,27,TOR,62,0,13.2,2.3,4.8,0.472,0.6,1.9,0.322,1.7,2.9,0.569,0.535,1.5,1.9,0.784,1.7,2.7,4.5,0.4,0.4,1,0.5,1.8,6.6
57,Brian Bowen,Brian,Bowen,SF,21,IND,6,1,5.2,0.5,1.7,0.3,0,0.3,0,0.5,1.3,0.375,0.3,0,0,,0.2,1,1.2,0,0,0.2,0.2,0.5,1
58,Ky Bowman,Ky,Bowman,PG,22,GSW,45,12,22.6,3,7.1,0.417,0.7,2.4,0.308,2.2,4.8,0.472,0.469,0.8,0.9,0.829,0.5,2.2,2.7,2.9,1,0.2,1.6,2.3,7.4
59,Avery Bradley,Avery,Bradley,SG,29,LAL,49,44,24.2,3.5,7.8,0.444,1.3,3.5,0.364,2.2,4.3,0.51,0.526,0.4,0.5,0.833,0.4,2,2.3,1.3,0.9,0.1,1,2.2,8.6
60,Tony Bradley,Tony,Bradley,C,22,UTA,58,3,11.4,2.2,3.3,0.667,0.1,0.1,1,2.1,3.2,0.661,0.675,0.5,0.8,0.652,1.9,2.7,4.6,0.4,0.2,0.6,0.5,2,4.9
61,Jarrell Brantley,Jarrell,Brantley,PF,23,UTA,9,0,10.7,1.1,3.1,0.357,0.3,1.4,0.231,0.8,1.7,0.467,0.411,0.1,0.2,0.5,0.2,2,2.2,1.2,0.3,0.6,0.8,0.8,2.7
62,Ignas Brazdeikis,Ignas,Brazdeikis,SF,21,NYK,9,0,5.9,0.7,2.4,0.273,0.1,1,0.111,0.6,1.4,0.385,0.295,0.4,0.6,0.8,0.2,0.3,0.6,0.4,0,0.1,0.2,0.3,1.9
63,Corey Brewer,Corey,Brewer,PF,33,SAC,5,0,6.6,0.4,0.8,0.5,0,0.2,0,0.4,0.6,0.667,0.5,0.2,0.6,0.333,0.4,1.2,1.6,0.4,0.8,0,0.4,1.4,1
64,Mikal Bridges,Mikal,Bridges,SF,23,PHO,73,32,28,3.4,6.6,0.51,1,2.7,0.361,2.4,4,0.61,0.583,1.4,1.7,0.844,0.9,3.1,4,1.8,1.4,0.6,1,2.2,9.1
65,Miles Bridges,Miles,Bridges,SF,21,CHO,65,64,30.7,4.9,11.6,0.424,1.5,4.6,0.33,3.4,7,0.486,0.489,1.6,2,0.809,1.4,4.2,5.6,1.8,0.6,0.7,1.5,2,13
66,Oshae Brissett,Oshae,Brissett,SF,21,TOR,19,0,7.1,0.7,1.9,0.361,0.2,0.8,0.2,0.5,1.1,0.476,0.403,0.4,0.5,0.8,0.5,0.9,1.4,0.4,0.2,0.1,0.4,0.9,1.9
67,Ryan Broekhoff,Ryan,Broekhoff,SF,29,DAL,17,1,10.6,1.3,3.5,0.373,1.2,3,0.392,0.1,0.5,0.25,0.542,0.4,0.5,0.875,0.3,2.2,2.5,0.6,0.3,0.2,0.4,0.9,4.2
68,Malcolm Brogdon,Malcolm,Brogdon,PG,27,IND,54,54,30.9,6,13.8,0.438,1.4,4.3,0.326,4.6,9.5,0.488,0.489,3.1,3.4,0.892,0.9,4,4.9,7.1,0.6,0.2,2.4,1.8,16.5
69,Dillon Brooks,Dillon,Brooks,SG,24,MEM,73,73,28.9,6,14.6,0.407,2,5.6,0.358,3.9,9,0.438,0.476,2.2,2.8,0.808,0.9,2.4,3.3,2.1,0.9,0.4,1.7,3.8,16.2
70,Bruce Brown,Bruce,Brown,PG,23,DET,58,43,28.2,3.4,7.7,0.443,0.6,1.7,0.344,2.8,6.1,0.47,0.48,1.5,2.1,0.739,1.1,3.7,4.7,4,1.1,0.5,1.7,2.8,8.9
71,Charlie Brown,Charlie,Brown,SG,22,ATL,10,0,4,0.6,1.9,0.316,0.3,0.9,0.333,0.3,1,0.3,0.395,0.5,0.5,1,0.2,0.2,0.4,0.2,0.2,0.2,0.3,0.3,2
72,Jaylen Brown,Jaylen,Brown,SG,23,BOS,57,57,33.9,7.5,15.6,0.481,2.3,5.9,0.382,5.2,9.6,0.543,0.554,3.1,4.3,0.724,1.1,5.3,6.4,2.1,1.1,0.4,2.2,2.9,20.3
73,Moses Brown,Moses,Brown,C,20,POR,9,0,3.7,0.4,1.1,0.4,0,0,,0.4,1.1,0.4,0.4,0.3,0.9,0.375,0.3,1.2,1.6,0.1,0.1,0.1,0.3,0.8,1.2
74,Sterling Brown,Sterling,Brown,SF,24,MIL,52,1,14.8,1.8,4.9,0.371,0.8,2.6,0.324,1,2.3,0.425,0.457,0.6,0.8,0.8,0.6,2.9,3.5,1,0.6,0.1,0.8,1,5.1
75,Troy Brown Jr.,Troy,Brown Jr.,SF,20,WAS,69,22,25.8,4,9,0.439,0.9,2.6,0.341,3.1,6.4,0.479,0.488,1.6,2,0.784,1.1,4.4,5.6,2.6,1.2,0.1,1.1,1.9,10.4
76,Jalen Brunson,Jalen,Brunson,PG,23,DAL,57,16,17.9,3.2,6.8,0.466,0.8,2.1,0.358,2.4,4.7,0.515,0.522,1.1,1.3,0.813,0.4,2,2.4,3.3,0.4,0.1,1.2,1.3,8.2
77,Thomas Bryant,Thomas,Bryant,C,22,WAS,46,36,24.9,5.3,9.1,0.581,0.8,2,0.407,4.5,7.1,0.63,0.626,1.9,2.5,0.741,2.1,5.1,7.2,1.8,0.5,1.1,1.2,2.2,13.2
78,Reggie Bullock,Reggie,Bullock,SG,28,NYK,29,19,23.6,3.1,7.7,0.402,1.3,3.8,0.333,1.8,3.9,0.469,0.484,0.6,0.7,0.81,0.4,1.9,2.3,1.4,0.9,0.1,0.7,1.9,8.1
79,Trey Burke,Trey,Burke,PG,27,TOT,33,1,15.8,2.8,6.3,0.45,1,2.3,0.427,1.9,4.1,0.463,0.526,0.7,0.9,0.793,0.5,1,1.5,2.5,0.5,0.1,0.6,1,7.4
79,Trey Burke,Trey,Burke,PG,27,PHI,25,0,13.2,2.4,5.1,0.465,0.6,1.5,0.421,1.7,3.6,0.483,0.528,0.5,0.7,0.722,0.6,0.8,1.4,2.1,0.3,0,0.5,0.8,5.9
79,Trey Burke,Trey,Burke,PG,27,DAL,8,1,23.9,4.4,10.3,0.427,2,4.6,0.432,2.4,5.6,0.422,0.524,1.3,1.4,0.909,0.1,1.8,1.9,3.8,1.1,0.1,1.1,1.5,12
80,Alec Burks,Alec,Burks,SF-SG,28,TOT,66,19,26.6,4.9,11.6,0.418,1.8,4.6,0.385,3.1,7.1,0.439,0.493,3.6,4,0.887,0.7,3.5,4.3,2.9,0.9,0.3,1.4,1.9,15
80,Alec Burks,Alec,Burks,SF,28,GSW,48,18,29,5.1,12.5,0.406,1.8,4.7,0.375,3.3,7.9,0.424,0.476,4.2,4.7,0.897,0.8,3.9,4.7,3.1,1,0.4,1.6,2.2,16.1
80,Alec Burks,Alec,Burks,SG,28,PHI,18,1,20.2,4.3,9.3,0.461,1.8,4.3,0.416,2.5,5,0.5,0.557,1.9,2.3,0.829,0.6,2.5,3.1,2.1,0.7,0,0.8,1.2,12.2
81,Deonte Burton,Deonte,Burton,SF,26,OKC,39,0,9.1,1.1,3.2,0.344,0.3,1.4,0.189,0.8,1.8,0.458,0.384,0.2,0.4,0.571,0.2,1.3,1.5,0.4,0.2,0.3,0.5,0.9,2.7
82,Jimmy Butler,Jimmy,Butler,SF,30,MIA,58,58,33.8,5.9,13.1,0.455,0.5,2.1,0.244,5.4,11,0.495,0.474,7.6,9.1,0.834,1.8,4.8,6.7,6,1.8,0.6,2.2,1.4,19.9
83,Bruno Caboclo,Bruno,Caboclo,C,24,TOT,30,0,8.1,1.3,3,0.427,0.2,1.1,0.182,1.1,1.9,0.571,0.461,0.3,0.3,0.889,0.8,1.2,2,0.4,0.5,0.6,0.4,1,3
83,Bruno Caboclo,Bruno,Caboclo,C,24,MEM,22,0,8.7,1.3,3.1,0.406,0.2,1.1,0.16,1.1,2,0.545,0.435,0.1,0.1,0.667,0.8,1.2,2,0.5,0.5,0.5,0.3,1,2.8
83,Bruno Caboclo,Bruno,Caboclo,C,24,HOU,8,0,6.5,1.3,2.5,0.5,0.3,1,0.25,1,1.5,0.667,0.55,0.8,0.8,1,0.8,1.3,2,0.3,0.6,0.6,0.8,1,3.5
84,Devontae Cacok,Devontae,Cacok,C,23,LAL,1,0,9,3,6,0.5,0,0,,3,6,0.5,0.5,0,0,,2,3,5,1,0,0,0,0,6
85,Kentavious Caldwell-Pope,Kentavious,Caldwell-Pope,SG,26,LAL,69,26,25.5,3.4,7.3,0.467,1.3,3.5,0.385,2.1,3.9,0.541,0.558,1.1,1.5,0.775,0.6,1.5,2.1,1.6,0.8,0.2,0.9,1.9,9.3
86,Vlatko Čančar,Vlatko,Čančar,PF,22,DEN,14,0,3.2,0.4,1.1,0.4,0.1,0.4,0.167,0.4,0.6,0.556,0.433,0.3,0.3,1,0.4,0.4,0.7,0.2,0.1,0.1,0.2,0.5,1.2
87,Clint Capela,Clint,Capela,C,25,HOU,39,39,32.8,6.3,9.9,0.629,0,0,,6.3,9.9,0.629,0.629,1.4,2.7,0.529,4.3,9.5,13.8,1.2,0.8,1.8,1.6,2.6,13.9
88,DeMarre Carroll,DeMarre,Carroll,SF-C,33,TOT,24,0,12.1,1,2.8,0.379,0.3,1.4,0.242,0.7,1.4,0.515,0.439,1.2,1.8,0.69,0.5,1.8,2.3,1,0.3,0.2,0.7,1.3,3.6
88,DeMarre Carroll,DeMarre,Carroll,SF,33,SAS,15,0,9,0.6,1.9,0.31,0.2,0.9,0.231,0.4,1.1,0.375,0.362,0.8,1.3,0.6,0.5,1.6,2.1,0.7,0.1,0.1,0.7,1.3,2.2
88,DeMarre Carroll,DeMarre,Carroll,C,33,HOU,9,0,17.2,1.8,4.1,0.432,0.6,2.2,0.25,1.2,1.9,0.647,0.5,1.9,2.4,0.773,0.6,2.1,2.7,1.6,0.7,0.3,0.8,1.3,6
89,Jevon Carter,Jevon,Carter,PG,24,PHO,58,2,16.3,1.7,4.2,0.416,1.1,2.5,0.425,0.7,1.7,0.402,0.543,0.4,0.5,0.852,0.5,1.5,2,1.4,0.8,0.3,0.6,1.5,4.9
90,Vince Carter,Vince,Carter,PF,43,ATL,60,0,14.6,1.8,5.1,0.352,1,3.4,0.302,0.8,1.7,0.451,0.452,0.4,0.5,0.793,0.3,1.8,2.1,0.8,0.4,0.4,0.6,1.5,5
91,Wendell Carter Jr.,Wendell,Carter Jr.,C,20,CHI,43,43,29.2,4.3,8,0.534,0.1,0.7,0.207,4.1,7.3,0.564,0.542,2.6,3.5,0.737,3.2,6.2,9.4,1.2,0.8,0.8,1.7,3.8,11.3
92,Michael Carter-Williams,Michael,Carter-Williams,SG,28,ORL,45,0,18.5,2.5,5.8,0.427,0.5,1.7,0.293,2,4.1,0.481,0.469,1.8,2.1,0.832,1,2.2,3.3,2.4,1.1,0.5,1.2,1.9,7.2
93,Alex Caruso,Alex,Caruso,PG,25,LAL,64,2,18.4,1.9,4.5,0.412,0.6,1.9,0.333,1.3,2.7,0.468,0.481,1.1,1.5,0.734,0.3,1.7,1.9,1.9,1.1,0.3,0.8,1.5,5.5
94,Willie Cauley-Stein,Willie,Cauley-Stein,C,26,TOT,54,39,20.3,3.2,5.6,0.579,0,0,0,3.2,5.6,0.581,0.579,0.7,1.2,0.606,1.6,4.3,5.8,1.3,0.9,1.1,0.7,2.2,7.2
94,Willie Cauley-Stein,Willie,Cauley-Stein,C,26,GSW,41,37,22.9,3.5,6.3,0.56,0,0,,3.5,6.3,0.56,0.56,0.9,1.4,0.614,1.7,4.5,6.2,1.5,1.1,1.2,0.9,2.5,7.9
94,Willie Cauley-Stein,Willie,Cauley-Stein,C,26,DAL,13,2,12.1,2.4,3.5,0.689,0,0.1,0,2.4,3.4,0.705,0.689,0.4,0.7,0.556,1,3.6,4.6,0.8,0.3,0.8,0.4,1.5,5.2
95,Tyson Chandler,Tyson,Chandler,C,37,HOU,26,5,8.4,0.5,0.7,0.778,0,0,,0.5,0.7,0.778,0.778,0.2,0.5,0.462,1,1.6,2.5,0.2,0.2,0.3,0.3,1.2,1.3
96,Wilson Chandler,Wilson,Chandler,PF,32,BRK,35,3,21,2.1,5.2,0.404,1.1,3.5,0.306,1.1,1.8,0.597,0.505,0.6,0.7,0.87,0.3,3.8,4.1,1.1,0.5,0.3,1,2.3,5.9
97,Joe Chealey,Joe,Chealey,PG,24,CHO,4,0,8.3,0,1.8,0,0,1,0,0,0.8,0,0,0.5,0.5,1,0,0,0,0.3,1,0,0.5,0.5,0.5
98,Zylan Cheatham,Zylan,Cheatham,PF,24,NOP,4,0,12.8,1.5,2.3,0.667,0,0.3,0,1.5,2,0.75,0.667,0,0,,0.8,1.5,2.3,0.8,0.3,0.3,1,2.5,3
99,Chris Chiozza,Chris,Chiozza,PG,24,TOT,28,2,14.3,2,5,0.393,1,2.6,0.375,1,2.4,0.412,0.489,0.2,0.2,1,0.3,1.6,1.9,3,0.8,0.1,1.1,1.3,5.1
99,Chris Chiozza,Chris,Chiozza,PG,24,WAS,10,0,12.3,1,3.4,0.294,0.7,1.6,0.438,0.3,1.8,0.167,0.397,0,0,,0,1.5,1.5,2.8,1,0.2,0.9,1.2,2.7
99,Chris Chiozza,Chris,Chiozza,PG,24,BRK,18,2,15.4,2.5,5.9,0.425,1.1,3.1,0.357,1.4,2.8,0.5,0.519,0.3,0.3,1,0.5,1.6,2.1,3.1,0.6,0.1,1.3,1.4,6.4
100,Marquese Chriss,Marquese,Chriss,PF,22,GSW,59,21,20.3,3.6,6.5,0.545,0.1,0.7,0.205,3.4,5.9,0.584,0.556,2,2.6,0.769,1.9,4.3,6.2,1.9,0.7,1.1,1.3,2.1,9.3
101,Gary Clark,Gary,Clark,SF-PF,25,TOT,42,5,13.5,1.3,3.2,0.406,0.9,2.6,0.351,0.4,0.5,0.682,0.553,0.2,0.2,0.9,0.9,1.7,2.6,0.4,0.1,0.5,0.2,1.1,3.7
101,Gary Clark,Gary,Clark,PF,25,HOU,18,0,11.8,1.3,3.3,0.39,1,2.8,0.353,0.3,0.4,0.625,0.542,0.3,0.4,0.857,0.6,1.6,2.2,0.7,0.1,0.4,0.1,1.2,3.9
101,Gary Clark,Gary,Clark,SF,25,ORL,24,5,14.8,1.3,3.1,0.419,0.9,2.5,0.35,0.4,0.6,0.714,0.561,0.1,0.1,1,1.1,1.8,2.9,0.2,0.2,0.6,0.3,1,3.6
102,Brandon Clarke,Brandon,Clarke,PF,23,MEM,58,4,22.4,5.1,8.3,0.618,0.4,1.1,0.359,4.7,7.2,0.658,0.642,1.5,1.9,0.759,1.6,4.4,5.9,1.4,0.6,0.8,0.9,1.7,12.1
103,Jordan Clarkson,Jordan,Clarkson,SG,27,TOT,71,2,24,5.5,12.2,0.454,2.1,5.8,0.368,3.4,6.4,0.533,0.542,1.9,2.3,0.836,0.7,1.9,2.6,1.9,0.6,0.2,1.4,1.5,15.2
103,Jordan Clarkson,Jordan,Clarkson,SG,27,CLE,29,0,23,5,11.2,0.442,2,5.5,0.371,2.9,5.8,0.509,0.532,2.6,3,0.884,0.7,1.7,2.4,2.4,0.6,0.3,1.3,1.1,14.6
103,Jordan Clarkson,Jordan,Clarkson,SG,27,UTA,42,2,24.7,6,12.9,0.462,2.2,6,0.366,3.7,6.8,0.547,0.548,1.5,1.9,0.785,0.7,2.1,2.8,1.6,0.7,0.2,1.4,1.8,15.6
104,Nicolas Claxton,Nicolas,Claxton,C,20,BRK,15,0,12.5,1.8,3.2,0.563,0.1,0.5,0.143,1.7,2.7,0.634,0.573,0.7,1.4,0.524,1.3,1.7,2.9,1.1,0.1,0.5,0.6,0.9,4.4
105,Chris Clemons,Chris,Clemons,SG,22,HOU,33,0,8.8,1.7,4.3,0.401,1.1,3.2,0.346,0.6,1.1,0.571,0.532,0.3,0.3,0.909,0.1,0.8,0.9,0.8,0.3,0.2,0.6,0.8,4.9
106,Antonius Cleveland,Antonius,Cleveland,SG,25,DAL,11,0,4.2,0.4,1.3,0.286,0,0.3,0,0.4,1,0.364,0.286,0.3,0.5,0.6,0.2,0.5,0.6,0.1,0.1,0.3,0.2,0.7,1
107,Amir Coffey,Amir,Coffey,SG,22,LAC,18,1,8.8,1.3,3,0.426,0.3,1.1,0.316,0.9,1.9,0.486,0.481,0.3,0.6,0.545,0.2,0.7,0.9,0.8,0.3,0.1,0.4,1.1,3.2
108,John Collins,John,Collins,PF,22,ATL,41,41,33.2,8.6,14.8,0.583,1.4,3.6,0.401,7.2,11.2,0.642,0.632,2.9,3.7,0.8,2.8,7.3,10.1,1.5,0.8,1.6,1.8,3.4,21.6
109,Zach Collins,Zach,Collins,PF,22,POR,11,11,26.4,2.9,6.2,0.471,0.6,1.7,0.368,2.3,4.5,0.51,0.522,0.5,0.7,0.75,2.3,4,6.3,1.5,0.5,0.5,1.3,3.3,7
110,Mike Conley,Mike,Conley,PG,32,UTA,47,41,29,4.9,12.1,0.409,2,5.4,0.375,2.9,6.6,0.437,0.494,2.4,3,0.827,0.7,2.5,3.2,4.4,0.8,0.1,2,2.2,14.4
111,Pat Connaughton,Pat,Connaughton,SG,27,MIL,67,4,18.6,2,4.5,0.455,0.8,2.5,0.331,1.2,2,0.607,0.547,0.5,0.6,0.775,0.9,3.3,4.2,1.6,0.4,0.5,0.8,1,5.4
112,Quinn Cook,Quinn,Cook,PG,26,LAL,44,1,11.5,2.1,4.9,0.425,0.7,1.9,0.365,1.4,2.9,0.465,0.498,0.3,0.3,0.786,0.3,0.9,1.2,1.1,0.3,0,0.8,0.6,5.1
113,Tyler Cook,Tyler,Cook,PF-SF,22,TOT,13,0,4.2,0.6,0.9,0.667,0,0,,0.6,0.9,0.667,0.667,0.5,0.6,0.875,0.5,0.6,1.1,0.1,0.2,0,0.2,0.4,1.8
113,Tyler Cook,Tyler,Cook,PF,22,CLE,11,0,3.2,0.6,0.9,0.7,0,0,,0.6,0.9,0.7,0.7,0.5,0.5,0.833,0.4,0.5,0.9,0.1,0.1,0,0.1,0.4,1.7
113,Tyler Cook,Tyler,Cook,SF,22,DEN,2,0,9.5,0.5,1,0.5,0,0,,0.5,1,0.5,0.5,1,1,1,1,1,2,0,1,0,1,0.5,2
114,Robert Covington,Robert,Covington,PF-C,29,TOT,70,68,30.5,4.4,10.3,0.422,2.3,6.9,0.335,2.1,3.5,0.593,0.533,1.4,1.8,0.798,0.9,5.7,6.6,1.3,1.6,1.3,1.5,3.1,12.4
114,Robert Covington,Robert,Covington,PF,29,MIN,48,47,29.4,4.5,10.3,0.435,2.3,6.5,0.346,2.3,3.8,0.587,0.544,1.6,2,0.798,0.8,5.2,6,1.2,1.7,0.9,1.5,3.1,12.8
114,Robert Covington,Robert,Covington,C,29,HOU,22,21,33,4,10.3,0.392,2.4,7.6,0.315,1.6,2.7,0.61,0.509,1.1,1.4,0.8,1.2,6.8,8,1.5,1.6,2.2,1.4,3.3,11.6
115,Allen Crabbe,Allen,Crabbe,SG-SF,27,TOT,37,1,17.6,1.7,4.8,0.356,1,3.2,0.303,0.7,1.6,0.466,0.458,0.3,0.4,0.714,0.3,1.8,2.1,0.9,0.4,0.1,0.5,1.3,4.6
115,Allen Crabbe,Allen,Crabbe,SG,27,ATL,28,1,18.6,1.9,5.1,0.364,1.1,3.3,0.323,0.8,1.8,0.44,0.469,0.3,0.4,0.75,0.4,2,2.3,1,0.5,0.1,0.4,1.3,5.1
115,Allen Crabbe,Allen,Crabbe,SF,27,MIN,9,0,14.6,1.2,3.8,0.324,0.7,2.9,0.231,0.6,0.9,0.625,0.412,0.1,0.2,0.5,0.1,1.2,1.3,0.6,0,0,0.6,1.2,3.2
116,Torrey Craig,Torrey,Craig,SF,29,DEN,58,27,18.5,2.1,4.6,0.461,0.8,2.4,0.326,1.4,2.3,0.603,0.545,0.4,0.6,0.611,1.1,2.2,3.3,0.8,0.4,0.6,0.4,2.3,5.4
117,Jamal Crawford,Jamal,Crawford,SG,39,BRK,1,0,6,2,4,0.5,1,2,0.5,1,2,0.5,0.625,0,0,,0,0,0,3,0,0,0,1,5
118,Jae Crowder,Jae,Crowder,SF-PF,29,TOT,65,53,28.8,3.5,8.7,0.401,2.1,6.1,0.343,1.4,2.6,0.538,0.521,1.5,1.9,0.776,0.8,5.1,5.9,2.5,1.1,0.4,1.1,2.2,10.5
118,Jae Crowder,Jae,Crowder,SF,29,MEM,45,45,29.4,3.3,8.9,0.368,1.7,5.9,0.293,1.5,3,0.519,0.466,1.7,2.1,0.789,0.9,5.3,6.2,2.8,1,0.3,1.2,1.9,9.9
118,Jae Crowder,Jae,Crowder,PF,29,MIA,20,8,27.7,4,8.2,0.482,2.9,6.4,0.445,1.1,1.8,0.611,0.655,1.1,1.5,0.733,0.6,4.8,5.4,1.8,1.3,0.5,0.8,2.9,11.9
119,Jarrett Culver,Jarrett,Culver,SG,20,MIN,63,35,23.9,3.7,9,0.404,1,3.5,0.299,2.6,5.5,0.471,0.462,0.9,1.9,0.462,1.1,2.3,3.4,1.7,0.9,0.6,1.3,2,9.2
120,Seth Curry,Seth,Curry,SG,29,DAL,64,25,24.6,4.4,9,0.495,2.3,5,0.452,2.2,4,0.549,0.621,1.3,1.5,0.825,0.4,1.8,2.3,1.9,0.6,0.1,1,1.8,12.4
121,Stephen Curry,Stephen,Curry,PG,31,GSW,5,5,27.8,6.6,16.4,0.402,2.4,9.8,0.245,4.2,6.6,0.636,0.476,5.2,5.2,1,0.8,4.4,5.2,6.6,1,0.4,3.2,2.2,20.8
122,Troy Daniels,Troy,Daniels,SG,28,TOT,47,0,11.3,1.5,4,0.387,1,2.8,0.348,0.6,1.1,0.481,0.511,0.2,0.3,0.625,0.3,0.9,1.1,0.4,0.2,0.1,0.3,0.8,4.3
122,Troy Daniels,Troy,Daniels,SG,28,LAL,41,0,11.1,1.5,3.9,0.392,1,2.7,0.357,0.5,1.1,0.478,0.519,0.2,0.4,0.625,0.3,0.8,1.1,0.3,0.2,0.1,0.2,0.7,4.2
122,Troy Daniels,Troy,Daniels,SG,28,DEN,6,0,12.7,1.7,4.7,0.357,1,3.3,0.3,0.7,1.3,0.5,0.464,0,0,,0,1,1,0.5,0.5,0,0.5,1.2,4.3
123,Anthony Davis,Anthony,Davis,PF,26,LAL,62,62,34.4,8.9,17.7,0.503,1.2,3.5,0.33,7.7,14.2,0.546,0.536,7.2,8.5,0.846,2.3,7,9.3,3.2,1.5,2.3,2.5,2.5,26.1
124,Ed Davis,Ed,Davis,C,30,UTA,28,1,10.8,0.8,1.6,0.478,0,0,,0.8,1.6,0.478,0.478,0.3,0.5,0.5,1.3,2.5,3.8,0.4,0.4,0.3,0.5,2.2,1.8
125,Terence Davis,Terence,Davis,SG,22,TOR,72,4,16.8,2.8,6.1,0.456,1.3,3.4,0.388,1.5,2.7,0.541,0.564,0.7,0.8,0.864,0.7,2.6,3.3,1.6,0.5,0.2,1.1,1.7,7.5
126,Dewayne Dedmon,Dewayne,Dedmon,C,30,TOT,44,18,17.6,2.3,5.8,0.4,0.5,2.4,0.206,1.8,3.4,0.541,0.443,0.7,0.8,0.833,1.4,4.3,5.7,0.5,0.6,0.9,1.3,3,5.8
126,Dewayne Dedmon,Dewayne,Dedmon,C,30,SAC,34,10,15.9,2,5,0.404,0.4,2.1,0.197,1.6,2.9,0.55,0.444,0.7,0.8,0.821,1.4,3.6,4.9,0.4,0.4,0.8,1.4,2.7,5.1
126,Dewayne Dedmon,Dewayne,Dedmon,C,30,ATL,10,8,23.3,3.3,8.4,0.393,0.8,3.6,0.222,2.5,4.8,0.521,0.44,0.7,0.8,0.875,1.4,6.8,8.2,0.7,1,1.5,1,4,8.1
127,Matthew Dellavedova,Matthew,Dellavedova,PG,29,CLE,57,4,14.4,1.1,3.1,0.354,0.4,1.6,0.231,0.7,1.5,0.488,0.414,0.6,0.6,0.865,0.3,1,1.3,3.2,0.4,0,1,1.4,3.1
128,DeMar DeRozan,DeMar,DeRozan,SF,30,SAS,68,68,34.1,8.2,15.4,0.531,0.1,0.5,0.257,8.1,14.9,0.54,0.535,5.6,6.6,0.845,0.6,4.9,5.5,5.6,1,0.3,2.4,2.6,22.1
129,Cheick Diallo,Cheick,Diallo,C,23,PHO,47,2,10.2,2,3,0.648,0,0.1,0.333,1.9,3,0.655,0.651,0.7,0.8,0.872,0.6,2.1,2.8,0.5,0.2,0.3,0.7,1.2,4.7
130,Hamidou Diallo,Hamidou,Diallo,SF,21,OKC,46,3,19.5,2.9,6.4,0.446,0.3,1.2,0.281,2.5,5.2,0.485,0.473,0.8,1.4,0.603,1,2.7,3.6,0.8,0.8,0.2,1.1,2.2,6.9
131,Gorgui Dieng,Gorgui,Dieng,C,30,TOT,63,17,17.4,2.6,5.8,0.456,0.9,2.4,0.355,1.8,3.4,0.528,0.53,1.2,1.6,0.772,1.4,4.2,5.6,1.2,0.8,0.9,1,2,7.4
131,Gorgui Dieng,Gorgui,Dieng,C,30,MIN,46,17,16.9,2.7,6,0.448,1,2.6,0.383,1.7,3.4,0.497,0.531,1,1.3,0.797,1.6,4,5.6,1.3,0.8,0.9,1,1.9,7.4
131,Gorgui Dieng,Gorgui,Dieng,C,30,MEM,17,0,18.7,2.5,5.1,0.483,0.5,1.9,0.25,2,3.2,0.618,0.529,1.8,2.5,0.738,1.1,4.7,5.8,0.9,0.8,1,0.9,2.1,7.2
132,Spencer Dinwiddie,Spencer,Dinwiddie,PG,26,BRK,64,49,31.2,6.6,16,0.415,1.9,6.3,0.308,4.7,9.7,0.485,0.476,5.4,7,0.778,0.5,3,3.5,6.8,0.6,0.3,2.7,2.8,20.6
133,Donte DiVincenzo,Donte,DiVincenzo,SG,23,MIL,66,24,23,3.5,7.7,0.455,1.3,3.7,0.336,2.3,4,0.567,0.536,1,1.3,0.733,1,3.8,4.8,2.3,1.3,0.3,1.4,1.7,9.2
134,Luka Dončić,Luka,Dončić,PG,20,DAL,61,61,33.6,9.5,20.6,0.463,2.8,8.9,0.316,6.7,11.7,0.574,0.531,7,9.2,0.758,1.3,8.1,9.4,8.8,1,0.2,4.3,2.5,28.8
135,Luguentz Dort,Luguentz,Dort,SF,20,OKC,36,28,22.8,2.4,6.1,0.394,0.8,2.8,0.297,1.6,3.3,0.479,0.463,1.2,1.5,0.792,0.7,1.6,2.3,0.8,0.9,0.1,0.6,2.7,6.8
136,Damyean Dotson,Damyean,Dotson,SG,25,NYK,48,0,17.4,2.5,6,0.414,1.2,3.4,0.362,1.3,2.6,0.48,0.516,0.5,0.7,0.667,0.2,1.7,1.9,1.2,0.5,0.1,0.4,0.9,6.7
137,Sekou Doumbouya,Sekou,Doumbouya,PF,19,DET,38,19,19.8,2.4,6.2,0.39,0.7,2.6,0.286,1.7,3.6,0.464,0.449,0.8,1.2,0.674,0.5,2.6,3.1,0.5,0.5,0.2,0.9,2.1,6.4
138,PJ Dozier,PJ,Dozier,SG,23,DEN,29,0,14.2,2.2,5.4,0.414,0.6,1.7,0.347,1.7,3.7,0.444,0.468,0.7,1,0.724,0.3,1.6,1.9,2.2,0.5,0.2,0.9,1.6,5.8
139,Goran Dragić,Goran,Dragić,PG,33,MIA,59,3,28.2,5.4,12.3,0.441,2.1,5.7,0.367,3.3,6.5,0.505,0.526,3.2,4.2,0.776,0.5,2.7,3.2,5.1,0.7,0.2,2.4,2.1,16.2
140,Andre Drummond,Andre,Drummond,C,26,TOT,57,56,33,7.3,13.8,0.533,0.1,0.6,0.143,7.2,13.1,0.551,0.536,3,5.2,0.575,4.4,10.8,15.2,2.7,1.9,1.6,3.6,3.5,17.7
140,Andre Drummond,Andre,Drummond,C,26,DET,49,48,33.8,7.3,13.9,0.53,0,0.4,0.048,7.3,13.4,0.546,0.531,3,5.2,0.584,4.6,11.2,15.8,2.8,2,1.7,3.6,3.6,17.8
140,Andre Drummond,Andre,Drummond,C,26,CLE,8,8,28.1,7.3,13.1,0.552,0.5,1.8,0.286,6.8,11.4,0.593,0.571,2.5,4.9,0.513,3,8.1,11.1,1.8,1.5,1.4,3.6,3.1,17.5
141,Jared Dudley,Jared,Dudley,PF,34,LAL,45,1,8.1,0.5,1.3,0.4,0.4,0.9,0.429,0.1,0.4,0.333,0.55,0,0,1,0.1,1,1.2,0.6,0.3,0.1,0.2,0.9,1.5
142,Kris Dunn,Kris,Dunn,PG,25,CHI,51,32,24.9,3,6.7,0.444,0.6,2.2,0.259,2.4,4.5,0.535,0.487,0.8,1.1,0.741,0.5,3.2,3.6,3.4,2,0.3,1.3,3.1,7.3
143,Carsen Edwards,Carsen,Edwards,SG,21,BOS,37,0,9.5,1.1,3.5,0.328,0.6,2.1,0.316,0.5,1.4,0.346,0.422,0.4,0.5,0.684,0.2,1.1,1.3,0.6,0.3,0.1,0.4,0.9,3.3
144,Henry Ellenson,Henry,Ellenson,C,23,BRK,5,0,3,0.2,1.4,0.143,0,0.8,0,0.2,0.6,0.333,0.143,0,0,,0.4,0.8,1.2,0.2,0,0,0,0.2,0.4
145,Wayne Ellington,Wayne,Ellington,SG,32,NYK,36,1,15.5,1.7,4.8,0.351,1.4,4,0.35,0.3,0.9,0.355,0.494,0.3,0.4,0.846,0.1,1.7,1.8,1.2,0.4,0.1,0.5,1.1,5.1
146,Joel Embiid,Joel,Embiid,C,25,PHI,51,51,29.5,7.5,15.7,0.477,1.1,3.4,0.331,6.4,12.3,0.517,0.512,6.9,8.5,0.807,2.8,8.9,11.6,3,0.9,1.3,3.1,3.4,23
147,James Ennis,James,Ennis,SF-SG,29,TOT,69,18,18.3,2.3,5.2,0.446,0.8,2.4,0.325,1.5,2.8,0.553,0.522,1.1,1.4,0.806,1,2.5,3.6,0.9,0.5,0.3,0.8,2,6.6
147,James Ennis,James,Ennis,SF,29,PHI,49,0,15.8,2,4.6,0.442,0.8,2.2,0.349,1.3,2.4,0.525,0.524,1,1.2,0.787,1,2.1,3.1,0.8,0.5,0.3,0.6,1.7,5.8
147,James Ennis,James,Ennis,SG,29,ORL,20,18,24.5,3,6.7,0.451,0.9,3.2,0.286,2.1,3.5,0.6,0.519,1.6,1.9,0.838,1.2,3.6,4.8,1.1,0.6,0.4,1.4,2.6,8.5
148,Drew Eubanks,Drew,Eubanks,C,22,SAS,22,3,12.4,2,3,0.642,0,0,1,1.9,3,0.636,0.649,0.9,1.2,0.769,1.3,2.6,3.9,0.7,0.2,0.8,1,1.7,4.9
149,Jacob Evans,Jacob,Evans,SG,22,TOT,29,1,14.4,1.6,4.6,0.336,0.4,1.3,0.333,1.1,3.3,0.337,0.384,0.9,1,0.862,0.3,1.1,1.4,1.1,0.4,0.4,0.9,1.4,4.4
149,Jacob Evans,Jacob,Evans,SG,22,GSW,27,1,15.3,1.7,4.9,0.338,0.5,1.4,0.342,1.2,3.5,0.337,0.387,0.9,1.1,0.862,0.3,1.2,1.5,1.1,0.4,0.4,0.9,1.5,4.7
149,Jacob Evans,Jacob,Evans,SG,22,MIN,2,0,2,0,0.5,0,0,0.5,0,0,0,,0,0,0,,0,0,0,0,0,0,0,0,0
150,Dante Exum,Dante,Exum,SG,24,TOT,35,1,13.9,1.6,3.4,0.471,0.4,1.2,0.349,1.2,2.2,0.539,0.534,0.9,1.2,0.744,0.3,1.6,1.9,1.1,0.4,0.2,0.9,1.1,4.5
150,Dante Exum,Dante,Exum,SG,24,UTA,11,0,7.5,0.9,2.1,0.435,0.2,0.5,0.333,0.7,1.5,0.471,0.478,0.2,0.2,1,0.3,0.8,1.1,0.6,0.1,0.2,0.9,0.7,2.2
150,Dante Exum,Dante,Exum,SG,24,CLE,24,1,16.8,1.9,4,0.479,0.5,1.5,0.351,1.4,2.5,0.559,0.547,1.3,1.7,0.732,0.4,1.9,2.3,1.4,0.5,0.3,0.9,1.3,5.6
151,Tacko Fall,Tacko,Fall,C,24,BOS,7,0,4.7,1.6,2,0.786,0,0,,1.6,2,0.786,0.786,0.1,0.4,0.333,0.1,2,2.1,0.1,0.1,0.6,0.4,1,3.3
152,Derrick Favors,Derrick,Favors,C,28,NOP,51,49,24.4,4.1,6.6,0.617,0,0.1,0.143,4.1,6.5,0.627,0.618,0.8,1.4,0.563,3.2,6.6,9.8,1.6,0.6,0.9,1.1,2.1,9
153,Cristiano Felício,Cristiano,Felício,C,27,CHI,22,0,17.5,1.5,2.5,0.63,0,0.1,0,1.5,2.4,0.654,0.63,0.8,1,0.783,2.5,2.1,4.6,0.7,0.5,0.1,0.8,1.5,3.9
154,Terrance Ferguson,Terrance,Ferguson,SF,21,OKC,56,38,22.4,1.4,3.9,0.355,0.9,3,0.292,0.5,0.9,0.558,0.466,0.3,0.4,0.75,0.4,0.9,1.3,0.9,0.5,0.3,0.6,2.8,3.9
155,Bruno Fernando,Bruno,Fernando,C,21,ATL,56,13,12.7,1.8,3.6,0.518,0.1,0.7,0.135,1.8,2.9,0.605,0.53,0.5,0.9,0.569,1.2,2.3,3.5,0.9,0.3,0.3,0.8,1.9,4.3
156,Yogi Ferrell,Yogi,Ferrell,PG,26,SAC,50,0,10.6,1.6,3.8,0.42,0.5,1.6,0.304,1.1,2.2,0.505,0.484,0.7,0.8,0.857,0.1,0.9,1,1.4,0.4,0.1,0.6,0.8,4.4
157,Dorian Finney-Smith,Dorian,Finney-Smith,PF,26,DAL,71,68,29.9,3.4,7.4,0.466,1.6,4.3,0.376,1.8,3.1,0.589,0.575,1.1,1.5,0.722,2,3.7,5.7,1.6,0.6,0.5,1,2.5,9.5
158,Bryn Forbes,Bryn,Forbes,SG,26,SAS,63,62,25.1,3.8,9.2,0.417,2.3,6,0.388,1.5,3.2,0.47,0.544,1.2,1.4,0.833,0.2,1.8,2,1.7,0.5,0,0.9,1.8,11.2
159,Evan Fournier,Evan,Fournier,SF,27,ORL,66,66,31.5,6.6,14.1,0.467,2.6,6.6,0.399,4,7.5,0.527,0.56,2.7,3.3,0.818,0.3,2.3,2.6,3.2,1.1,0.2,1.9,2.4,18.5
160,De'Aaron Fox,De'Aaron,Fox,PG,22,SAC,51,49,32,7.7,16,0.48,1.1,3.6,0.292,6.6,12.4,0.535,0.513,4.7,6.7,0.705,0.7,3.2,3.8,6.8,1.5,0.5,3.1,2.8,21.1
161,Melvin Frazier,Melvin,Frazier,SG,23,ORL,19,0,6.6,0.8,1.8,0.441,0.4,0.8,0.5,0.4,0.9,0.389,0.559,0.1,0.2,0.5,0.1,0.4,0.5,0.2,0.5,0.1,0.3,0.6,2.1
162,Michael Frazier,Michael,Frazier,SG,25,HOU,13,0,11.2,0.5,2.2,0.241,0.3,1.8,0.174,0.2,0.5,0.5,0.31,0.7,1.1,0.643,0.1,0.7,0.8,0.2,0.2,0,0.4,1.7,2.1
163,Tim Frazier,Tim,Frazier,PG,29,DET,27,11,13.1,1.3,3.5,0.362,0.4,1.1,0.333,0.9,2.4,0.375,0.415,0.7,0.9,0.792,0.3,0.9,1.2,3.4,0.5,0.1,1.3,1.6,3.6
164,Markelle Fultz,Markelle,Fultz,PG,21,ORL,72,60,27.7,5,10.7,0.465,0.5,1.9,0.267,4.5,8.8,0.507,0.488,1.6,2.2,0.73,0.6,2.7,3.3,5.1,1.3,0.2,2,2,12.1
165,Wenyen Gabriel,Wenyen,Gabriel,PF,22,TOT,30,1,7.8,0.7,1.6,0.438,0.2,0.7,0.3,0.5,0.9,0.536,0.5,0.5,0.7,0.682,0.7,1,1.7,0.3,0.4,0.2,0.5,1.3,2.1
165,Wenyen Gabriel,Wenyen,Gabriel,PF,22,SAC,11,0,5.5,0.5,1.5,0.353,0.1,0.7,0.125,0.5,0.8,0.556,0.382,0.5,0.9,0.6,0.4,0.5,0.9,0.3,0.3,0.2,0.5,0.6,1.7
165,Wenyen Gabriel,Wenyen,Gabriel,PF,22,POR,19,1,9.2,0.8,1.6,0.484,0.3,0.6,0.417,0.5,1,0.526,0.565,0.5,0.6,0.75,0.9,1.3,2.2,0.3,0.4,0.3,0.6,1.7,2.3
166,Daniel Gafford,Daniel,Gafford,C,21,CHI,43,7,14.2,2.2,3.1,0.701,0,0,,2.2,3.1,0.701,0.701,0.7,1.4,0.533,1.2,1.3,2.5,0.5,0.3,1.3,0.7,2.3,5.1
167,Danilo Gallinari,Danilo,Gallinari,PF,31,OKC,62,62,29.6,5.8,13.2,0.438,2.9,7.1,0.405,2.9,6.1,0.476,0.547,4.3,4.8,0.893,0.5,4.6,5.2,1.9,0.7,0.1,1.2,1.2,18.7
168,Langston Galloway,Langston,Galloway,SG,28,DET,66,6,25.8,3.6,8.2,0.435,2,5,0.399,1.6,3.2,0.493,0.557,1.1,1.3,0.859,0.5,1.8,2.3,1.5,0.7,0.2,0.6,1.5,10.3
169,Darius Garland,Darius,Garland,SG,20,CLE,59,59,30.9,4.7,11.8,0.401,1.8,5,0.355,3,6.8,0.434,0.476,1.1,1.2,0.875,0.5,1.4,1.9,3.9,0.7,0.1,2.6,1.6,12.3
170,Marc Gasol,Marc,Gasol,C,35,TOR,44,43,26.4,2.7,6.3,0.427,1.3,3.4,0.385,1.4,3,0.473,0.529,0.8,1.1,0.735,0.7,5.5,6.3,3.3,0.8,0.9,1.3,2.8,7.5
171,Rudy Gay,Rudy,Gay,PF,33,SAS,67,5,21.8,4,8.9,0.446,1.1,3.3,0.336,2.9,5.6,0.511,0.508,1.8,2,0.882,0.9,4.5,5.4,1.7,0.5,0.5,1.3,1.5,10.8
172,Paul George,Paul,George,SF,29,LAC,48,48,29.6,7.1,16.3,0.439,3.3,7.9,0.412,3.9,8.4,0.464,0.539,4,4.5,0.876,0.5,5.2,5.7,3.9,1.4,0.4,2.6,2.4,21.5
173,Taj Gibson,Taj,Gibson,C,34,NYK,62,56,16.5,2.7,4.6,0.584,0.1,0.2,0.286,2.6,4.4,0.599,0.591,0.7,0.9,0.732,1.8,2.5,4.3,0.8,0.4,0.5,0.8,2,6.1
174,Harry Giles,Harry,Giles,C,21,SAC,46,17,14.5,3,5.5,0.554,0,0,0,3,5.4,0.558,0.554,0.8,1.1,0.776,0.9,3.2,4.1,1.3,0.5,0.4,1,2.6,6.9
175,Shai Gilgeous-Alexander,Shai,Gilgeous-Alexander,SG,21,OKC,70,70,34.7,6.8,14.5,0.471,1.2,3.6,0.347,5.6,10.9,0.512,0.514,4.1,5.1,0.807,0.7,5.2,5.9,3.3,1.1,0.7,1.9,1.7,19
176,Rudy Gobert,Rudy,Gobert,C,27,UTA,68,68,34.3,5.7,8.2,0.693,0,0,,5.7,8.2,0.693,0.693,3.7,5.9,0.63,3.4,10.1,13.5,1.5,0.8,2,1.9,3.2,15.1
177,Brandon Goodwin,Brandon,Goodwin,PG,24,ATL,34,1,12.6,2.2,5.6,0.4,0.8,2.6,0.299,1.5,3,0.485,0.468,0.8,0.9,0.933,0.3,1.8,2.1,1.5,0.4,0.1,0.9,1.3,6.1
178,Aaron Gordon,Aaron,Gordon,PF,24,ORL,62,62,32.5,5.4,12.4,0.437,1.2,3.8,0.308,4.2,8.5,0.494,0.484,2.4,3.6,0.674,1.7,5.9,7.7,3.7,0.8,0.6,1.6,2,14.4
179,Eric Gordon,Eric,Gordon,SF,31,HOU,36,15,28.2,4.8,12.9,0.369,2.7,8.4,0.317,2.1,4.4,0.469,0.473,2.3,3,0.766,0.3,1.7,2,1.5,0.6,0.4,1.2,1.9,14.4
180,Devonte' Graham,Devonte',Graham,PG,24,CHO,63,53,35.1,5.8,15.3,0.382,3.5,9.3,0.373,2.4,6,0.397,0.495,3,3.7,0.82,0.7,2.7,3.4,7.5,1,0.2,2.9,1.8,18.2
181,Treveon Graham,Treveon,Graham,SF,26,TOT,55,20,16.9,1.6,4.4,0.36,0.6,2.2,0.275,1,2.2,0.443,0.428,0.7,1,0.643,0.9,1.8,2.7,0.8,0.4,0.1,0.5,1.9,4.4
181,Treveon Graham,Treveon,Graham,SF,26,MIN,33,20,20.1,1.9,5.3,0.354,0.6,2.5,0.241,1.3,2.8,0.457,0.411,0.8,1.1,0.73,0.9,2.2,3,0.9,0.5,0.1,0.6,2,5.2
181,Treveon Graham,Treveon,Graham,SF,26,ATL,22,0,12.1,1.1,3,0.373,0.6,1.7,0.351,0.5,1.4,0.4,0.47,0.4,0.9,0.474,1,1.3,2.3,0.7,0.3,0.2,0.5,1.6,3.3
182,Jerami Grant,Jerami,Grant,PF,25,DEN,71,24,26.6,4.3,8.9,0.478,1.4,3.5,0.389,2.9,5.4,0.537,0.555,2.1,2.8,0.75,0.8,2.7,3.5,1.2,0.7,0.8,0.9,2.2,12
183,Jerian Grant,Jerian,Grant,SG,27,WAS,6,0,13.3,1.7,4.5,0.37,0.3,1.3,0.25,1.3,3.2,0.421,0.407,0.8,1.2,0.714,0.3,0.7,1,1.5,0.2,0.2,0.5,1.8,4.5
184,Josh Gray,Josh,Gray,PG,26,NOP,2,0,11.5,0.5,1,0.5,0,0,,0.5,1,0.5,0.5,0,0,,0.5,0.5,1,1,0,0,2.5,0.5,1
185,Danny Green,Danny,Green,SG,32,LAL,68,68,24.8,2.9,7,0.416,1.8,4.8,0.367,1.1,2.2,0.524,0.542,0.5,0.7,0.688,0.8,2.6,3.3,1.3,1.3,0.5,0.9,2,8
186,Draymond Green,Draymond,Green,PF,29,GSW,43,43,28.4,2.9,7.3,0.389,0.8,3,0.279,2,4.3,0.465,0.446,1.5,1.9,0.759,0.5,5.7,6.2,6.2,1.4,0.8,2.3,2.6,8
187,JaMychal Green,JaMychal,Green,PF,29,LAC,63,1,20.7,2.4,5.6,0.429,1.5,3.8,0.387,0.9,1.8,0.518,0.56,0.6,0.8,0.75,1.2,4.9,6.2,0.8,0.5,0.4,0.9,2.8,6.8
188,Javonte Green,Javonte,Green,SG,26,BOS,48,2,9.8,1.3,2.6,0.5,0.2,0.7,0.273,1.1,1.9,0.581,0.536,0.6,0.9,0.667,0.5,1.4,1.9,0.5,0.5,0.2,0.5,0.9,3.4
189,Jeff Green,Jeff,Green,PF-C,33,TOT,48,4,20,3.3,7.2,0.462,1.3,3.8,0.339,2,3.4,0.602,0.552,1.5,1.9,0.802,0.5,2.3,2.8,1,0.5,0.4,0.9,1.9,9.4
189,Jeff Green,Jeff,Green,PF,33,UTA,30,2,18.4,2.5,6.5,0.385,1.1,3.5,0.327,1.4,3,0.451,0.472,1.6,2.1,0.778,0.5,2.2,2.7,0.7,0.4,0.3,0.9,1.5,7.8
189,Jeff Green,Jeff,Green,C,33,HOU,18,2,22.6,4.7,8.3,0.564,1.6,4.4,0.354,3.1,3.9,0.8,0.658,1.3,1.6,0.857,0.6,2.3,2.9,1.7,0.8,0.5,0.8,2.4,12.2
190,Blake Griffin,Blake,Griffin,PF,30,DET,18,18,28.4,4.9,13.9,0.352,1.5,6.2,0.243,3.4,7.7,0.439,0.406,4.2,5.4,0.776,0.9,3.7,4.7,3.3,0.4,0.4,2.2,1.5,15.5
191,Marko Guduric,Marko,Guduric,SG,24,MEM,44,0,11,1.4,3.6,0.395,0.6,1.9,0.301,0.8,1.7,0.5,0.475,0.5,0.6,0.923,0.3,1.3,1.7,1,0.3,0.2,0.8,0.8,3.9
192,Kyle Guy,Kyle,Guy,SG,22,SAC,3,0,3.3,0.7,1.7,0.4,0,1,0,0.7,0.7,1,0.4,0,0,,0,0.3,0.3,0.3,0,0,0,0.3,1.3
193,Rui Hachimura,Rui,Hachimura,PF,21,WAS,48,48,30.1,5.3,11.4,0.466,0.5,1.8,0.287,4.8,9.5,0.5,0.489,2.4,2.9,0.829,1.6,4.5,6.1,1.8,0.8,0.2,1.1,2.2,13.5
194,Devon Hall,Devon,Hall,PG,24,OKC,11,0,7.4,0.5,2.7,0.2,0.4,1.5,0.235,0.2,1.2,0.154,0.267,0.4,0.7,0.5,0.2,0.5,0.6,1.2,0.4,0.1,0.5,0.5,1.8
195,Donta Hall,Donta,Hall,C-PF,22,TOT,9,0,14.8,1.7,2.4,0.682,0,0,,1.7,2.4,0.682,0.682,1,2,0.5,1.6,2.7,4.2,0.4,0.3,0.7,0.6,2.6,4.3
195,Donta Hall,Donta,Hall,PF,22,DET,4,0,12,0.3,1,0.25,0,0,,0.3,1,0.25,0.25,1,1.5,0.667,1.5,2.3,3.8,0.5,0.3,0.3,0.5,2.3,1.5
195,Donta Hall,Donta,Hall,C,22,BRK,5,0,17,2.8,3.6,0.778,0,0,,2.8,3.6,0.778,0.778,1,2.4,0.417,1.6,3,4.6,0.4,0.4,1,0.6,2.8,6.6
196,Dusty Hannahs,Dusty,Hannahs,SG,26,MEM,2,0,6.5,2,4.5,0.444,1,1.5,0.667,1,3,0.333,0.556,1,1,1,0,0.5,0.5,0,0,0,0,0.5,6
197,Tim Hardaway Jr.,Tim,Hardaway Jr.,SG,27,DAL,71,58,29.5,5.4,12.5,0.434,2.9,7.2,0.398,2.5,5.2,0.485,0.55,2.1,2.6,0.819,0.4,2.9,3.3,1.9,0.6,0.1,1,1.8,15.8
198,James Harden,James,Harden,SG,30,HOU,68,68,36.5,9.9,22.3,0.444,4.4,12.4,0.355,5.5,9.9,0.556,0.543,10.2,11.8,0.865,1,5.5,6.6,7.5,1.8,0.9,4.5,3.3,34.3
199,Maurice Harkless,Maurice,Harkless,PF-SF,26,TOT,62,48,23,2.3,4.6,0.502,0.5,1.6,0.347,1.7,3,0.584,0.562,0.6,1.1,0.591,0.9,3,3.9,1.1,0.9,0.5,0.9,2.4,5.8
199,Maurice Harkless,Maurice,Harkless,PF,26,LAC,50,38,22.8,2.2,4.3,0.516,0.5,1.5,0.37,1.7,2.9,0.59,0.578,0.5,0.8,0.571,0.9,3.1,4,1,1,0.6,0.9,2.4,5.5
199,Maurice Harkless,Maurice,Harkless,SF,26,NYK,12,10,23.8,2.5,5.5,0.455,0.6,2.1,0.28,1.9,3.4,0.561,0.508,1.3,2,0.625,0.7,2.7,3.3,1.7,0.8,0.3,0.6,2.3,6.8
200,Jared Harper,Jared,Harper,PG,22,PHO,3,0,2.7,0.3,1.3,0.25,0,0.7,0,0.3,0.7,0.5,0.25,0,0,,0,0,0,0,0,0,0,0,0.7
201,Montrezl Harrell,Montrezl,Harrell,C,26,LAC,63,2,27.8,7.5,12.9,0.58,0,0.3,0,7.5,12.6,0.593,0.58,3.7,5.6,0.658,2.6,4.5,7.1,1.7,0.6,1.1,1.7,2.3,18.6
202,Gary Harris,Gary,Harris,SG,25,DEN,56,55,31.8,3.9,9.3,0.42,1.3,3.8,0.333,2.6,5.5,0.479,0.487,1.3,1.6,0.815,0.5,2.4,2.9,2.1,1.4,0.3,1.1,2.1,10.4
203,Joe Harris,Joe,Harris,SF,28,BRK,69,69,30.8,5.5,11.4,0.486,2.5,5.9,0.424,3,5.5,0.553,0.596,0.9,1.3,0.719,0.9,3.4,4.3,2.1,0.6,0.2,1.5,2.3,14.5
204,Tobias Harris,Tobias,Harris,PF,27,PHI,72,72,34.3,7.7,16.3,0.471,1.8,5,0.367,5.9,11.3,0.517,0.527,2.4,3,0.806,1,5.9,6.9,3.2,0.7,0.6,1.4,2.3,19.6
205,Shaquille Harrison,Shaquille,Harrison,SG,26,CHI,43,10,11.3,1.8,3.8,0.467,0.4,1,0.381,1.4,2.9,0.496,0.515,0.9,1.2,0.78,0.5,1.5,2,1.1,0.8,0.4,0.4,1.3,4.9
206,Josh Hart,Josh,Hart,SF,24,NOP,65,16,27,3.5,8.2,0.423,1.9,5.4,0.342,1.6,2.7,0.584,0.537,1.3,1.8,0.739,0.9,5.6,6.5,1.7,1,0.4,1.2,2.5,10.1
207,Isaiah Hartenstein,Isaiah,Hartenstein,C,21,HOU,23,2,11.6,1.9,2.9,0.657,0,0.2,0,1.9,2.7,0.71,0.657,0.8,1.2,0.679,1.3,2.7,3.9,0.8,0.4,0.5,0.7,1.8,4.7
208,Udonis Haslem,Udonis,Haslem,C,39,MIA,4,1,11,1,2.8,0.364,0.3,0.8,0.333,0.8,2,0.375,0.409,0.8,1,0.75,0.3,3.8,4,0.3,0,0,0.3,1.5,3
209,Jaxson Hayes,Jaxson,Hayes,C,19,NOP,64,14,16.9,2.7,4,0.672,0,0.1,0.25,2.7,4,0.678,0.674,1.9,3,0.647,1.5,2.5,4,0.9,0.4,0.9,0.8,2.5,7.4
210,Gordon Hayward,Gordon,Hayward,SF,29,BOS,52,52,33.5,6.7,13.5,0.5,1.6,4.3,0.383,5.1,9.2,0.554,0.561,2.4,2.8,0.855,1.1,5.6,6.7,4.1,0.7,0.4,1.8,1.8,17.5
211,John Henson,John,Henson,C,29,TOT,40,8,15,2.4,4.3,0.556,0.2,0.9,0.222,2.2,3.4,0.644,0.579,0.6,1.2,0.5,1.2,2.9,4.1,1.4,0.6,1.1,0.9,2,5.5
211,John Henson,John,Henson,C,29,CLE,29,2,14.2,2.1,4.1,0.508,0.2,1.1,0.194,1.9,3.1,0.618,0.533,0.6,1.1,0.515,1.1,2.8,3.9,1.5,0.6,1.1,0.7,1.9,5
211,John Henson,John,Henson,C,29,DET,11,6,17.1,3.1,4.6,0.667,0.2,0.5,0.4,2.9,4.2,0.696,0.686,0.5,1.2,0.462,1.3,3.1,4.4,1,0.7,0.9,1.4,2.1,6.9
212,Dewan Hernandez,Dewan,Hernandez,C,23,TOR,6,0,4.7,0.8,2.3,0.357,0.2,0.3,0.5,0.7,2,0.333,0.393,0.5,0.8,0.6,0.8,1.5,2.3,0.5,0.2,0,0.5,1,2.3
213,Juan Hernangómez,Juan,Hernangómez,PF,24,TOT,48,14,17.4,2.1,5.1,0.405,0.9,2.7,0.341,1.2,2.5,0.475,0.494,0.9,1.5,0.62,0.9,3.2,4.1,0.8,0.4,0.2,0.7,1.3,6
213,Juan Hernangómez,Juan,Hernangómez,PF,24,DEN,34,0,12.4,1.1,3.2,0.345,0.4,1.8,0.25,0.7,1.5,0.46,0.414,0.5,0.7,0.64,0.7,2.1,2.8,0.6,0.1,0.1,0.5,0.9,3.1
213,Juan Hernangómez,Juan,Hernangómez,PF,24,MIN,14,14,29.4,4.4,9.8,0.453,2.1,4.9,0.42,2.4,4.9,0.485,0.558,2,3.3,0.609,1.4,5.9,7.3,1.3,1,0.3,1,2.5,12.9
214,Willy Hernangómez,Willy,Hernangómez,C,25,CHO,31,0,12.1,2.4,4.5,0.532,0.2,0.7,0.227,2.2,3.8,0.59,0.55,1.2,1.9,0.627,1.4,2.9,4.3,0.9,0.3,0.2,1,1,6.1
215,Tyler Herro,Tyler,Herro,SG,20,MIA,55,8,27.4,4.9,11.5,0.428,2.1,5.4,0.389,2.8,6.1,0.462,0.52,1.6,1.8,0.87,0.3,3.8,4.1,2.2,0.6,0.2,1.6,1.4,13.5
216,Kevin Hervey,Kevin,Hervey,PF,23,OKC,10,0,5.2,0.7,2.7,0.259,0.3,2,0.15,0.4,0.7,0.571,0.315,0,0,,0.1,1.1,1.2,0.5,0.1,0.1,0,0.4,1.7
217,Mario Hezonja,Mario,Hezonja,PF,24,POR,53,4,16.4,1.7,4.1,0.422,0.5,1.5,0.308,1.3,2.6,0.486,0.477,0.9,1.1,0.814,0.6,2.9,3.5,0.9,0.7,0.2,0.8,2,4.8
218,Buddy Hield,Buddy,Hield,SG,27,SAC,72,44,30.8,6.9,16.1,0.429,3.8,9.6,0.394,3.2,6.6,0.479,0.545,1.6,1.9,0.846,0.8,3.8,4.6,3,0.9,0.2,2.3,2.3,19.2
219,George Hill,George,Hill,PG,33,MIL,59,2,21.5,3.3,6.4,0.516,1.4,3,0.46,1.9,3.4,0.565,0.624,1.4,1.7,0.842,0.8,2.2,3,3.1,0.8,0.1,1,1.4,9.4
220,Solomon Hill,Solomon,Hill,PF,28,TOT,59,4,18.4,1.9,4.7,0.396,1.1,2.9,0.368,0.8,1.8,0.439,0.509,0.7,0.9,0.741,0.5,2.3,2.8,1.8,0.7,0.2,0.9,1.4,5.5
220,Solomon Hill,Solomon,Hill,PF,28,MEM,48,3,18.8,2,4.9,0.412,1.2,3.1,0.381,0.8,1.8,0.465,0.532,0.5,0.8,0.684,0.5,2.5,3,2,0.6,0.1,0.8,1.5,5.7
220,Solomon Hill,Solomon,Hill,PF,28,MIA,11,1,17,1.3,4.1,0.311,0.6,2.2,0.292,0.6,1.9,0.333,0.389,1.3,1.5,0.875,0.5,1.5,1.9,0.9,1.1,0.5,1,1.1,4.5
221,Jaylen Hoard,Jaylen,Hoard,PF,20,POR,13,0,7.9,1.2,2.5,0.469,0,0.2,0,1.2,2.2,0.517,0.469,0.6,1,0.615,1.1,1.4,2.5,0.3,0.4,0,0.3,0.9,2.9
222,Aaron Holiday,Aaron,Holiday,PG,23,IND,66,33,24.5,3.5,8.5,0.414,1.3,3.3,0.394,2.2,5.2,0.427,0.491,1.1,1.3,0.851,0.3,2,2.4,3.4,0.8,0.2,1.3,1.8,9.5
223,Jrue Holiday,Jrue,Holiday,SG,29,NOP,61,61,34.7,7.5,16.5,0.455,2,5.7,0.353,5.5,10.8,0.509,0.516,2.1,3,0.709,1.3,3.5,4.8,6.7,1.6,0.8,3,2.4,19.1
224,Justin Holiday,Justin,Holiday,SF,30,IND,73,6,25,2.8,6.7,0.428,1.8,4.5,0.405,1,2.1,0.477,0.566,0.7,0.9,0.791,0.4,2.8,3.3,1.3,1.2,0.6,0.6,1.9,8.3
225,Rondae Hollis-Jefferson,Rondae,Hollis-Jefferson,PF,25,TOR,60,6,18.7,2.6,5.5,0.471,0.1,0.4,0.13,2.5,5.1,0.497,0.476,1.8,2.4,0.734,1.8,2.9,4.7,1.8,0.8,0.4,1,1.9,7
226,Richaun Holmes,Richaun,Holmes,C,26,SAC,44,38,28.2,5.1,7.8,0.648,0,0,,5.1,7.8,0.648,0.648,2.1,2.7,0.788,2.9,5.3,8.1,1,0.9,1.3,1.2,3.8,12.3
227,Rodney Hood,Rodney,Hood,SF,27,POR,21,21,29.5,4.1,8.2,0.506,1.7,3.4,0.493,2.5,4.8,0.515,0.608,1,1.3,0.778,0.5,3,3.4,1.5,0.8,0.2,0.9,2.2,11
228,Al Horford,Al,Horford,C,33,PHI,67,61,30.2,4.8,10.6,0.45,1.5,4.2,0.35,3.3,6.4,0.516,0.52,0.9,1.2,0.763,1.5,5.3,6.8,4,0.8,0.9,1.2,2.1,11.9
229,Talen Horton-Tucker,Talen,Horton-Tucker,SG,19,LAL,6,1,13.5,2.3,5,0.467,0.7,2.2,0.308,1.7,2.8,0.588,0.533,0.3,0.7,0.5,0.3,0.8,1.2,1,1.3,0.2,1,1.7,5.7
230,Danuel House,Danuel,House,SF,26,HOU,63,52,30.4,3.7,8.6,0.427,2,5.6,0.363,1.6,2.9,0.549,0.546,1.2,1.4,0.811,0.9,3.3,4.2,1.3,1.1,0.5,0.9,2.1,10.5
231,Dwight Howard,Dwight,Howard,C,34,LAL,69,2,18.9,2.9,4,0.729,0,0.1,0.6,2.9,3.9,0.732,0.735,1.6,3.1,0.514,2.5,4.9,7.3,0.7,0.4,1.1,1.2,3.2,7.5
232,William Howard,William,Howard,PF,26,HOU,2,0,6.5,0,2,0,0,2,0,0,0,,0,0,0,,0,1,1,0.5,0,0,0.5,0.5,0
233,Kevin Huerter,Kevin,Huerter,SG,21,ATL,56,48,31.4,4.5,10.9,0.413,2.3,6,0.38,2.2,4.9,0.453,0.517,0.9,1.1,0.828,0.6,3.4,4.1,3.8,0.9,0.5,1.6,2.5,12.2
234,De'Andre Hunter,De'Andre,Hunter,SF,22,ATL,63,62,32,4.4,10.8,0.41,1.7,4.8,0.355,2.7,6,0.454,0.489,1.7,2.3,0.764,0.7,3.8,4.5,1.8,0.7,0.3,1.6,2.9,12.3
235,Chandler Hutchison,Chandler,Hutchison,SF,23,CHI,28,10,18.8,2.9,6.3,0.457,0.4,1.4,0.316,2.4,4.9,0.496,0.491,1.6,2.8,0.59,0.6,3.2,3.9,0.9,1,0.3,1,1.7,7.8
236,Serge Ibaka,Serge,Ibaka,C,30,TOR,55,27,27,6.2,12.2,0.512,1.3,3.3,0.385,5,8.9,0.559,0.564,1.6,2.3,0.718,2.1,6.1,8.2,1.4,0.5,0.8,2,2.8,15.4
237,Andre Iguodala,Andre,Iguodala,SF,36,MIA,21,0,19.9,1.8,4.2,0.432,0.7,2.2,0.298,1.1,2,0.585,0.511,0.3,0.7,0.4,0.8,2.9,3.7,2.4,0.7,1,1.2,1.7,4.6
238,Ersan İlyasova,Ersan,İlyasova,PF,32,MIL,63,8,15.7,2.3,5,0.466,0.8,2.2,0.365,1.5,2.8,0.545,0.546,1.1,1.4,0.828,1,3.8,4.8,0.8,0.4,0.3,0.5,1.5,6.6
239,Joe Ingles,Joe,Ingles,PF,32,UTA,72,45,29.7,3.4,7.7,0.445,2,4.9,0.399,1.5,2.8,0.525,0.572,1,1.3,0.787,0.4,3.5,3.9,5.2,0.9,0.2,2,2.1,9.8
240,Brandon Ingram,Brandon,Ingram,PF,22,NOP,62,62,33.9,8.2,17.7,0.463,2.4,6.2,0.391,5.8,11.5,0.501,0.531,5,5.9,0.851,0.8,5.3,6.1,4.2,1,0.6,3,2.9,23.8
241,Kyrie Irving,Kyrie,Irving,PG,27,BRK,20,20,32.9,10,20.8,0.478,2.8,7.1,0.394,7.2,13.7,0.522,0.546,4.7,5.1,0.922,1.1,4.1,5.2,6.4,1.4,0.5,2.6,2.7,27.4
242,Jonathan Isaac,Jonathan,Isaac,PF,22,ORL,34,32,28.8,4.6,9.8,0.47,0.9,2.8,0.34,3.6,7,0.521,0.518,1.8,2.3,0.779,1.7,5.1,6.8,1.4,1.6,2.3,1.4,2.4,11.9
243,Wesley Iwundu,Wesley,Iwundu,SF,25,ORL,52,21,18.3,1.9,4.5,0.416,0.5,1.6,0.341,1.3,2.9,0.457,0.476,1.5,1.9,0.804,0.5,2.1,2.5,1.2,0.5,0.3,0.5,1.5,5.8
244,Frank Jackson,Frank,Jackson,PG,21,NOP,59,2,13.5,2.3,5.6,0.405,0.8,2.4,0.326,1.5,3.2,0.465,0.476,0.9,1.3,0.747,0.4,1,1.4,1,0.3,0.1,0.8,1.3,6.3
245,Jaren Jackson Jr.,Jaren,Jackson Jr.,C,20,MEM,57,57,28.5,6.2,13.2,0.469,2.5,6.5,0.394,3.6,6.8,0.54,0.565,2.4,3.3,0.747,1,3.6,4.6,1.4,0.7,1.6,1.7,4.1,17.4
246,Josh Jackson,Josh,Jackson,SF,22,MEM,22,0,17.3,3.2,7.2,0.44,1,3.3,0.319,2.1,4,0.54,0.513,1.6,2.3,0.7,0.5,2.5,3,1.6,0.8,0.4,1.3,1.8,9
247,Justin Jackson,Justin,Jackson,PF,24,DAL,65,3,16.1,2.1,5.2,0.396,0.7,2.5,0.294,1.3,2.7,0.489,0.466,0.6,0.8,0.84,0.4,2,2.4,0.8,0.2,0.2,0.2,1.1,5.5
248,Reggie Jackson,Reggie,Jackson,SG-PG,29,TOT,31,16,24,4.3,10.5,0.411,1.8,4.7,0.393,2.5,5.8,0.425,0.498,1.5,1.7,0.833,0.5,2.4,3,4.1,0.4,0.2,1.6,1.9,11.9
248,Reggie Jackson,Reggie,Jackson,PG,29,DET,14,10,27.2,5.4,14.1,0.384,2.2,5.9,0.378,3.2,8.3,0.388,0.462,1.9,2.4,0.788,0.8,2.1,2.9,5.1,0.6,0.1,1.6,1.5,14.9
248,Reggie Jackson,Reggie,Jackson,SG,29,LAC,17,6,21.3,3.4,7.5,0.453,1.5,3.7,0.413,1.9,3.8,0.492,0.555,1.1,1.2,0.905,0.4,2.6,3,3.2,0.3,0.2,1.6,2.2,9.5
249,Justin James,Justin,James,SF,23,SAC,36,0,6.4,1,2.3,0.417,0.3,0.8,0.31,0.7,1.5,0.473,0.47,0.3,0.6,0.476,0.2,0.7,0.9,0.5,0.2,0.3,0.2,0.5,2.5
250,LeBron James,LeBron,James,PG,35,LAL,67,67,34.6,9.6,19.4,0.493,2.2,6.3,0.348,7.4,13.1,0.564,0.55,3.9,5.7,0.693,1,6.9,7.8,10.2,1.2,0.5,3.9,1.8,25.3
251,Amile Jefferson,Amile,Jefferson,PF,26,ORL,18,0,4.1,0.3,0.8,0.357,0,0,,0.3,0.8,0.357,0.357,0.3,0.8,0.357,0.6,0.7,1.3,0.2,0.1,0.2,0.2,0.4,0.8
252,DaQuan Jeffries,DaQuan,Jeffries,SG,22,SAC,13,0,10.8,1.5,3.1,0.5,0.4,1.4,0.278,1.2,1.7,0.682,0.563,0.4,0.5,0.833,0.2,1.2,1.4,0.5,0.3,0.1,0.2,1.5,3.8
253,Ty Jerome,Ty,Jerome,SG,22,PHO,31,0,10.6,1.2,3.6,0.336,0.5,1.6,0.28,0.8,2,0.381,0.398,0.4,0.5,0.75,0.2,1.3,1.5,1.4,0.5,0.1,0.6,0.9,3.3
254,Alize Johnson,Alize,Johnson,PF,23,IND,17,1,6.9,0.7,1.7,0.414,0.2,0.5,0.375,0.5,1.2,0.429,0.466,0.4,0.6,0.7,0.9,1.9,2.8,0.4,0.2,0.1,0.4,0.7,2
255,B.J. Johnson,B.J.,Johnson,SF,24,ORL,10,0,8.3,0.9,3.2,0.281,0.3,0.9,0.333,0.6,2.3,0.261,0.328,0.9,1,0.9,0.3,1.2,1.5,0.3,0.3,0,0.6,0.3,3
256,Cameron Johnson,Cameron,Johnson,PF,23,PHO,57,9,22,3.1,7.1,0.435,1.9,4.8,0.39,1.2,2.3,0.526,0.565,0.8,1,0.807,0.9,2.4,3.3,1.2,0.6,0.4,0.6,1.5,8.8
257,James Johnson,James,Johnson,PF-C,32,TOT,32,1,19.3,3.2,6.7,0.479,1,2.8,0.363,2.2,3.9,0.565,0.556,1,1.5,0.646,0.8,2.9,3.7,2.3,0.8,1,1.5,2.5,8.4
257,James Johnson,James,Johnson,PF,32,MIA,18,0,15.6,2.2,4.8,0.448,0.9,2.5,0.356,1.3,2.3,0.548,0.54,0.4,0.8,0.571,0.4,2.4,2.9,1.2,0.3,0.7,0.8,1.9,5.7
257,James Johnson,James,Johnson,C,32,MIN,14,1,24.1,4.6,9.1,0.5,1.2,3.3,0.37,3.4,5.9,0.573,0.566,1.6,2.4,0.676,1.2,3.5,4.7,3.8,1.4,1.4,2.4,3.3,12
258,Keldon Johnson,Keldon,Johnson,SF,20,SAS,17,1,17.7,3.1,5.2,0.596,0.8,1.3,0.591,2.4,3.9,0.597,0.669,2.1,2.6,0.795,0.6,2.8,3.4,0.9,0.8,0.1,0.8,1.6,9.1
259,Stanley Johnson,Stanley,Johnson,PF,23,TOR,25,0,6,0.9,2.4,0.373,0.3,1,0.292,0.6,1.4,0.429,0.432,0.4,0.6,0.563,0.3,1.2,1.5,0.8,0.2,0.2,0.6,0.6,2.4
260,Tyler Johnson,Tyler,Johnson,PG-SG,27,TOT,39,7,18.2,2.5,6.4,0.388,1,3.1,0.319,1.5,3.4,0.45,0.464,1.1,1.3,0.84,0.5,1.5,1.9,1.9,0.4,0.2,0.7,1.5,7
260,Tyler Johnson,Tyler,Johnson,PG,27,PHO,31,3,16.6,2.1,5.5,0.38,0.8,2.7,0.289,1.3,2.8,0.466,0.45,0.8,1,0.75,0.3,1.4,1.7,1.6,0.4,0.3,0.8,1.4,5.7
260,Tyler Johnson,Tyler,Johnson,SG,27,BRK,8,4,24.3,4,9.9,0.405,1.8,4.5,0.389,2.3,5.4,0.419,0.494,2.3,2.3,1,1,2,3,3,0.5,0.1,0.6,1.9,12
261,Nikola Jokić,Nikola,Jokić,C,24,DEN,73,73,32,7.7,14.7,0.528,1.1,3.5,0.314,6.6,11.2,0.594,0.565,3.4,4.1,0.817,2.3,7.5,9.7,7,1.2,0.6,3.1,3,19.9
262,Damian Jones,Damian,Jones,C,24,ATL,55,27,16.1,2.2,3.2,0.68,0,0.2,0.222,2.2,3.1,0.704,0.685,1.1,1.5,0.738,1.3,2.4,3.7,0.6,0.5,0.7,0.5,2.7,5.6
263,Derrick Jones Jr.,Derrick,Jones Jr.,SF,22,MIA,59,16,23.3,3.1,5.9,0.527,0.6,2.2,0.28,2.5,3.7,0.677,0.58,1.6,2.1,0.772,1.1,2.8,3.9,1.1,1,0.6,0.5,2.2,8.5
264,Tyus Jones,Tyus,Jones,PG,23,MEM,65,6,19,3,6.6,0.459,0.7,1.9,0.379,2.3,4.7,0.492,0.514,0.7,0.9,0.741,0.1,1.4,1.6,4.4,0.9,0.1,0.8,0.7,7.4
265,DeAndre Jordan,DeAndre,Jordan,C,31,BRK,56,6,22,3.4,5.1,0.666,0,0,,3.4,5.1,0.666,0.666,1.5,2.2,0.68,2.5,7.5,10,1.9,0.3,0.9,1.3,2,8.3
266,Cory Joseph,Cory,Joseph,PG,28,SAC,72,26,24.4,2.4,5.7,0.415,0.8,2.2,0.352,1.6,3.5,0.455,0.483,0.8,1,0.857,0.6,2,2.6,3.5,0.7,0.3,1.1,1.8,6.4
267,Mfiondu Kabengele,Mfiondu,Kabengele,C,22,LAC,12,0,5.3,1.2,2.7,0.438,0.8,1.7,0.45,0.4,1,0.417,0.578,0.4,0.4,1,0.1,0.8,0.9,0.2,0.2,0.2,0.2,0.8,3.5
268,Frank Kaminsky,Frank,Kaminsky,C,26,PHO,39,13,19.9,3.5,7.9,0.45,1.1,3.2,0.331,2.5,4.7,0.53,0.516,1.6,2.3,0.678,0.9,3.6,4.5,1.9,0.4,0.3,0.9,1.9,9.7
269,Enes Kanter,Enes,Kanter,C,27,BOS,58,7,16.9,3.4,6,0.572,0,0.1,0.143,3.4,5.9,0.581,0.573,1.2,1.7,0.707,2.8,4.6,7.4,1,0.4,0.7,1,1.7,8.1
270,Luke Kennard,Luke,Kennard,SG,23,DET,28,25,32.9,5.4,12.2,0.442,2.6,6.5,0.399,2.8,5.7,0.491,0.548,2.4,2.7,0.893,0.3,3.2,3.5,4.1,0.4,0.2,1.5,2.3,15.8
271,Stanton Kidd,Stanton,Kidd,SG,27,UTA,4,0,3.8,0,0.8,0,0,0.3,0,0,0.5,0,0,0,0,,0,0.8,0.8,0.3,0,0,0.5,0.8,0
272,Michael Kidd-Gilchrist,Michael,Kidd-Gilchrist,PF,26,TOT,25,0,11.2,0.9,2.6,0.333,0.2,0.8,0.25,0.7,1.8,0.37,0.371,0.4,0.6,0.786,0.6,2.1,2.7,0.6,0.1,0.2,0.6,1.5,2.4
272,Michael Kidd-Gilchrist,Michael,Kidd-Gilchrist,PF,26,CHO,12,0,13.3,1.5,4.4,0.34,0.4,1.4,0.294,1.1,3,0.361,0.387,0.6,0.8,0.778,0.8,2.2,2.9,0.8,0,0.3,0.6,1.5,4
272,Michael Kidd-Gilchrist,Michael,Kidd-Gilchrist,PF,26,DAL,13,0,9.3,0.3,1,0.308,0,0.2,0,0.3,0.8,0.4,0.308,0.3,0.4,0.8,0.4,2.1,2.5,0.3,0.2,0.2,0.7,1.5,0.9
273,Louis King,Louis,King,SF,20,DET,10,0,6.2,0.8,2.1,0.381,0.4,1.1,0.364,0.4,1,0.4,0.476,0,0.3,0,0.1,0.9,1,0.5,0.2,0,0.2,1,2
274,Maxi Kleber,Maxi,Kleber,PF,28,DAL,74,21,25.5,3.2,6.9,0.461,1.6,4.3,0.373,1.6,2.6,0.605,0.577,1.1,1.3,0.849,1.5,3.7,5.2,1.2,0.3,1.1,0.8,2.4,9.1
275,Brandon Knight,Brandon,Knight,SG-PG,28,TOT,25,3,18.5,2.4,6.7,0.353,1.8,5.2,0.344,0.6,1.4,0.389,0.488,0.8,1.4,0.588,0.2,1.5,1.6,2.8,0.4,0.1,1.5,1.6,7.3
275,Brandon Knight,Brandon,Knight,SG,28,CLE,16,0,15.1,1.8,5.4,0.326,1.2,4,0.297,0.6,1.4,0.409,0.436,0.3,0.8,0.308,0.2,1.1,1.3,1.9,0.3,0.1,1,1.3,4.9
275,Brandon Knight,Brandon,Knight,PG,28,DET,9,3,24.6,3.4,9,0.383,2.9,7.4,0.388,0.6,1.6,0.357,0.543,1.8,2.3,0.762,0.1,2.2,2.3,4.2,0.6,0.1,2.4,2.2,11.6
276,Kevin Knox,Kevin,Knox,SF,20,NYK,65,4,17.9,2.2,6.2,0.359,1,3.1,0.327,1.2,3.1,0.391,0.44,1,1.6,0.653,0.4,2.4,2.8,0.9,0.4,0.4,0.7,1.6,6.4
277,John Konchar,John,Konchar,SG,23,MEM,19,0,9.5,1.3,1.9,0.649,0.3,0.5,0.5,1,1.4,0.704,0.716,0.1,0.1,0.5,0.9,1.5,2.5,1.2,0.4,0.2,0.4,0.4,2.8
278,Furkan Korkmaz,Furkan,Korkmaz,SG,22,PHI,72,12,21.7,3.4,7.8,0.43,2,4.9,0.402,1.4,2.9,0.478,0.557,1.1,1.4,0.755,0.3,2.1,2.3,1.1,0.6,0.2,0.8,1.4,9.8
279,Luke Kornet,Luke,Kornet,C,24,CHI,36,14,15.5,2.3,5.2,0.439,0.9,3,0.287,1.4,2.2,0.646,0.521,0.6,0.8,0.714,0.6,1.7,2.3,0.9,0.3,0.7,0.4,1.5,6
280,Kyle Korver,Kyle,Korver,SF,38,MIL,58,1,16.6,2.2,5.1,0.43,1.7,4.1,0.418,0.5,1,0.482,0.599,0.6,0.7,0.854,0.3,1.8,2.1,1.2,0.4,0.2,0.8,1.3,6.7
281,Rodions Kurucs,Rodions,Kurucs,PF,21,BRK,47,9,14.6,1.7,3.8,0.446,0.7,1.9,0.367,1,1.9,0.529,0.54,0.5,0.8,0.632,0.5,2.4,2.9,1.1,0.5,0.1,1,1.9,4.6
282,Kyle Kuzma,Kyle,Kuzma,PF,24,LAL,61,9,25,4.8,11,0.436,1.4,4.5,0.316,3.4,6.5,0.518,0.5,1.9,2.5,0.735,0.9,3.6,4.5,1.3,0.5,0.4,1.5,2.1,12.8
283,Skal Labissière,Skal,Labissière,C,23,POR,33,1,17.2,2.5,4.5,0.551,0.1,0.4,0.231,2.4,4.1,0.582,0.561,0.8,1,0.758,2,3.2,5.1,1.3,0.2,0.9,0.9,2.7,5.8
284,Jeremy Lamb,Jeremy,Lamb,SG,27,IND,46,42,28.1,4.7,10.4,0.451,1.2,3.4,0.335,3.5,7,0.508,0.506,2,2.4,0.836,0.5,3.8,4.3,2.1,1.2,0.5,1.1,2.3,12.5
285,Romeo Langford,Romeo,Langford,SG,20,BOS,32,2,11.6,0.9,2.5,0.35,0.2,0.8,0.185,0.7,1.7,0.434,0.381,0.6,0.8,0.72,0.5,0.8,1.3,0.4,0.3,0.3,0.3,1,2.5
286,Zach LaVine,Zach,LaVine,SG,24,CHI,60,60,34.8,9,20,0.45,3.1,8.1,0.38,5.9,11.9,0.497,0.526,4.5,5.6,0.802,0.7,4.1,4.8,4.2,1.5,0.5,3.4,2.2,25.5
287,Vic Law,Vic,Law,PF,24,ORL,8,0,7.8,0.8,2.3,0.333,0.1,0.9,0.143,0.6,1.4,0.455,0.361,0.3,0.8,0.333,0.3,1.1,1.4,0.4,0.3,0,0.3,0.8,1.9
288,Jake Layman,Jake,Layman,SF,25,MIN,23,2,22,3.5,7.8,0.453,1,3.1,0.333,2.5,4.7,0.533,0.52,1,1.4,0.75,0.7,1.7,2.5,0.7,0.7,0.4,1,2,9.1
289,T.J. Leaf,T.J.,Leaf,PF,22,IND,28,1,7.9,1.3,3.1,0.419,0.2,0.6,0.278,1.1,2.4,0.456,0.448,0.3,0.6,0.438,0.8,1.7,2.5,0.3,0.4,0.1,0.3,0.8,3
290,Jalen Lecque,Jalen,Lecque,SG,19,PHO,5,0,6.4,0.8,2,0.4,0,0.8,0,0.8,1.2,0.667,0.4,0.4,0.4,1,0,0.4,0.4,0.4,0,0,0.4,0.6,2
291,Courtney Lee,Courtney,Lee,SG,34,DAL,24,9,14.4,1.7,3.4,0.488,0.9,2,0.447,0.8,1.5,0.543,0.616,0.3,0.3,0.857,0.3,1,1.3,0.5,0.8,0.3,0.5,1.4,4.5
292,Damion Lee,Damion,Lee,SG,27,GSW,49,36,29,4.3,10.4,0.417,1.7,4.9,0.356,2.6,5.6,0.471,0.5,2.2,2.6,0.873,0.7,4.2,4.9,2.7,1,0.1,1.4,2.4,12.7
293,Alex Len,Alex,Len,C,26,TOT,55,12,17.6,3.2,5.8,0.555,0.3,1.1,0.271,2.9,4.7,0.619,0.58,1.2,1.9,0.648,1.8,4,5.8,0.9,0.4,0.9,1,2.3,8
293,Alex Len,Alex,Len,C,26,ATL,40,9,18.6,3.6,6.5,0.546,0.4,1.4,0.25,3.2,5.1,0.627,0.573,1.3,2,0.63,1.7,4,5.8,1.1,0.5,0.8,1,2.3,8.7
293,Alex Len,Alex,Len,C,26,SAC,15,3,15,2.3,3.9,0.593,0.1,0.2,0.667,2.2,3.7,0.589,0.61,1.1,1.6,0.708,2.1,4,6.1,0.5,0.2,1,1.1,2.3,5.9
294,Kawhi Leonard,Kawhi,Leonard,SF,28,LAC,57,57,32.4,9.3,19.9,0.47,2.2,5.7,0.378,7.2,14.2,0.506,0.524,6.2,7.1,0.886,0.9,6.1,7.1,4.9,1.8,0.6,2.6,2,27.1
295,Meyers Leonard,Meyers,Leonard,C,27,MIA,51,49,20.3,2.3,4.6,0.509,1,2.5,0.414,1.3,2.1,0.623,0.622,0.4,0.5,0.643,0.6,4.5,5.1,1.1,0.3,0.3,0.8,2.1,6.1
296,Caris LeVert,Caris,LeVert,SG,25,BRK,45,31,29.6,6.9,16.3,0.425,1.8,4.9,0.364,5.1,11.4,0.451,0.48,3.1,4.4,0.711,1.1,3.1,4.2,4.4,1.2,0.2,2.6,1.8,18.7
297,Damian Lillard,Damian,Lillard,PG,29,POR,66,66,37.5,9.5,20.4,0.463,4.1,10.2,0.401,5.4,10.2,0.524,0.563,7,7.8,0.888,0.5,3.8,4.3,8,1.1,0.3,2.9,1.7,30
298,Nassir Little,Nassir,Little,PF,19,POR,48,5,11.9,1.4,3.1,0.43,0.3,1.2,0.237,1.1,1.9,0.554,0.477,0.6,0.9,0.636,0.6,1.6,2.3,0.5,0.3,0.3,0.3,1.5,3.6
299,Kevon Looney,Kevon,Looney,C,23,GSW,20,4,13.1,1.5,4,0.367,0.1,0.7,0.071,1.4,3.3,0.431,0.373,0.5,0.6,0.75,1.4,1.9,3.3,1,0.6,0.3,0.6,1.7,3.4
300,Brook Lopez,Brook,Lopez,C,31,MIL,68,67,26.7,4.3,9.9,0.435,1.5,4.8,0.314,2.8,5.1,0.549,0.511,1.9,2.2,0.836,0.9,3.7,4.6,1.5,0.7,2.4,1,2.4,12
301,Robin Lopez,Robin,Lopez,C,31,MIL,66,5,14.5,2.2,4.5,0.492,0.5,1.6,0.333,1.7,2.9,0.577,0.55,0.4,0.8,0.528,0.8,1.6,2.4,0.7,0.2,0.7,1,1.5,5.4
302,Kevin Love,Kevin,Love,PF,31,CLE,56,56,31.8,5.8,13,0.45,2.6,7,0.374,3.2,6,0.537,0.55,3.3,3.9,0.854,1,8.8,9.8,3.2,0.6,0.3,2.5,1.6,17.6
303,Kyle Lowry,Kyle,Lowry,PG,33,TOR,58,58,36.2,5.8,13.8,0.416,2.8,8,0.352,2.9,5.8,0.504,0.518,5.1,5.9,0.857,0.6,4.5,5,7.5,1.4,0.4,3.1,3.3,19.4
304,Timothé Luwawu-Cabarrot,Timothé,Luwawu-Cabarrot,SF,24,BRK,47,2,18.1,2.5,5.7,0.435,1.3,3.4,0.388,1.2,2.3,0.505,0.55,1.5,1.7,0.852,0.6,2.1,2.7,0.6,0.4,0.1,0.8,2.3,7.8
305,Trey Lyles,Trey,Lyles,PF,24,SAS,63,53,20.2,2.4,5.4,0.446,1,2.7,0.387,1.4,2.8,0.503,0.541,0.5,0.7,0.733,1.1,4.6,5.7,1.1,0.4,0.4,0.6,1.6,6.4
306,Daryl Macon,Daryl,Macon,PG,24,MIA,4,0,3.5,0.3,0.8,0.333,0.3,0.5,0.5,0,0.3,0,0.5,0,0,,0,0,0,0.3,0,0,0.5,0.3,0.8
307,J.P. Macura,J.P.,Macura,SG,24,CLE,1,0,1,0,0,,0,0,,0,0,,,0,0,,0,0,0,0,0,0,0,0,0
308,Josh Magette,Josh,Magette,PG,30,ORL,8,0,4.8,0.6,1.9,0.333,0.1,0.5,0.25,0.5,1.4,0.364,0.367,0.1,0.3,0.5,0.1,0.6,0.8,0.6,0.4,0.1,0.6,0.5,1.5
309,Ian Mahinmi,Ian,Mahinmi,C,33,WAS,38,35,21.3,2.7,5.5,0.495,0.1,0.7,0.192,2.6,4.8,0.538,0.507,1.8,3,0.619,2.1,3.7,5.7,1.3,0.8,1.2,1.2,3,7.4
310,Thon Maker,Thon,Maker,C,22,DET,60,14,12.9,1.6,3.2,0.482,0.4,1.1,0.344,1.2,2.2,0.55,0.539,1.2,1.8,0.664,0.9,1.9,2.8,0.7,0.4,0.7,0.8,1.7,4.7
311,Terance Mann,Terance,Mann,SF,23,LAC,41,6,8.8,0.9,1.9,0.468,0.2,0.5,0.35,0.7,1.4,0.508,0.513,0.4,0.7,0.667,0.2,1.1,1.3,1.3,0.3,0.1,0.4,1.1,2.4
312,Boban Marjanović,Boban,Marjanović,C,31,DAL,44,5,9.6,2.8,4.8,0.573,0.1,0.4,0.235,2.7,4.4,0.603,0.583,1,1.3,0.754,1.5,3,4.5,0.5,0.2,0.2,0.7,1.3,6.6
313,Lauri Markkanen,Lauri,Markkanen,PF,22,CHI,50,50,29.8,5,11.8,0.425,2.2,6.3,0.344,2.8,5.5,0.518,0.517,2.5,3.1,0.824,1.2,5.1,6.3,1.5,0.8,0.5,1.6,1.9,14.7
314,Caleb Martin,Caleb,Martin,SF,24,CHO,18,1,17.6,2.1,4.7,0.44,1.1,2.1,0.541,0.9,2.6,0.362,0.56,0.9,1.2,0.81,0.6,1.6,2.1,1.3,0.7,0.4,0.8,1.8,6.2
315,Cody Martin,Cody,Martin,SF,24,CHO,48,3,18.8,1.9,4.3,0.43,0.4,1.6,0.234,1.5,2.7,0.546,0.473,0.9,1.4,0.646,0.8,2.5,3.3,2,0.8,0.2,0.9,1.6,5
316,Jeremiah Martin,Jeremiah,Martin,PG,23,BRK,9,0,11,2.7,5.9,0.453,0.6,2,0.278,2.1,3.9,0.543,0.5,1.2,1.6,0.786,0.1,1,1.1,2,0.8,0.2,0.4,0.8,7.1
317,Kelan Martin,Kelan,Martin,SF,24,MIN,31,4,16,2.3,5.8,0.392,0.8,3.1,0.26,1.5,2.7,0.541,0.461,1,1,0.968,0.4,2.7,3.1,0.7,0.2,0.3,0.6,1.6,6.4
318,Frank Mason III,Frank,Mason III,PG,25,MIL,9,0,13.1,2.6,5.7,0.451,0.7,2.3,0.286,1.9,3.3,0.567,0.51,1.1,1.9,0.588,0.6,1.6,2.1,3.2,0.6,0.1,1.2,1.2,6.9
319,Garrison Mathews,Garrison,Mathews,SG,23,WAS,18,0,12.6,1.3,3.1,0.429,1.1,2.6,0.413,0.3,0.6,0.5,0.598,1.7,1.9,0.912,0.3,1,1.3,0.6,0.4,0.1,0.4,1.8,5.4
320,Wesley Matthews,Wesley,Matthews,SG,33,MIL,67,67,24.4,2.5,6.3,0.396,1.6,4.4,0.364,0.9,1.9,0.472,0.524,0.8,1,0.765,0.3,2.1,2.5,1.4,0.6,0.1,0.6,1.5,7.4
321,Luc Mbah a Moute,Luc,Mbah a Moute,PF,33,HOU,3,0,8.3,0.7,1.7,0.4,0,0.7,0,0.7,1,0.667,0.4,0.3,0.7,0.5,0.3,0.3,0.7,0,0.7,0,0.3,0,1.7
322,Patrick McCaw,Patrick,McCaw,SF,24,TOR,37,12,24.5,1.8,4.4,0.414,0.6,1.9,0.324,1.2,2.5,0.484,0.485,0.4,0.5,0.722,0.5,1.8,2.3,2.1,1.1,0.1,0.8,1.6,4.6
323,CJ McCollum,CJ,McCollum,SG,28,POR,70,70,36.5,8.7,19.4,0.451,2.8,7.3,0.379,6,12.1,0.494,0.522,2,2.6,0.757,0.7,3.6,4.2,4.4,0.8,0.6,1.8,2.6,22.2
324,T.J. McConnell,T.J.,McConnell,PG,27,IND,71,3,18.7,3,5.8,0.516,0.1,0.2,0.294,2.9,5.5,0.525,0.522,0.5,0.6,0.833,0.5,2.1,2.7,5,0.8,0.2,1.4,1,6.5
325,Jalen McDaniels,Jalen,McDaniels,SF,22,CHO,16,0,18.3,2.1,4.4,0.471,0.6,1.5,0.375,1.5,2.9,0.522,0.536,0.9,1.1,0.824,0.9,3.1,4.1,0.8,0.5,0.2,0.7,2.3,5.6
326,Doug McDermott,Doug,McDermott,PF,28,IND,69,0,19.9,3.9,7.9,0.488,1.9,4.3,0.435,2,3.7,0.549,0.605,0.7,0.8,0.828,0.4,2.1,2.5,1.1,0.2,0.1,0.6,1.7,10.3
327,JaVale McGee,JaVale,McGee,C,32,LAL,68,68,16.6,2.9,4.5,0.637,0,0.1,0.5,2.8,4.4,0.64,0.642,0.8,1.2,0.646,1.8,3.9,5.7,0.5,0.5,1.4,0.8,2.3,6.6
328,Rodney McGruder,Rodney,McGruder,SG,28,LAC,56,4,15.6,1.3,3.2,0.398,0.4,1.6,0.27,0.9,1.6,0.522,0.464,0.3,0.6,0.559,0.5,2.2,2.7,0.6,0.5,0.1,0.4,1.3,3.3
329,Alfonzo McKinnie,Alfonzo,McKinnie,SF,27,CLE,40,1,14.8,1.8,4.3,0.427,0.4,1.6,0.215,1.5,2.7,0.557,0.468,0.6,0.8,0.71,0.9,1.9,2.8,0.4,0.6,0.2,0.7,1.8,4.6
330,Jordan McLaughlin,Jordan,McLaughlin,PG,23,MIN,30,2,19.7,2.9,5.9,0.489,1,2.5,0.382,1.9,3.4,0.569,0.57,0.9,1.3,0.667,0.2,1.4,1.6,4.2,1.1,0.1,1,1,7.6
331,Ben McLemore,Ben,McLemore,SF,26,HOU,71,23,22.8,3.4,7.7,0.444,2.5,6.4,0.4,0.9,1.3,0.656,0.61,0.7,0.9,0.746,0.3,1.9,2.2,0.8,0.6,0.2,0.7,2.2,10.1
332,Jordan McRae,Jordan,McRae,SG,28,TOT,37,4,21.2,4,9.9,0.407,1.2,3.4,0.357,2.8,6.5,0.433,0.469,2.2,2.9,0.761,0.5,2.9,3.4,2.5,0.6,0.4,1.2,2,11.5
332,Jordan McRae,Jordan,McRae,SG,28,WAS,29,4,22.6,4.6,10.9,0.42,1.4,3.7,0.377,3.2,7.3,0.441,0.483,2.2,2.9,0.771,0.6,3,3.6,2.8,0.7,0.5,1.3,2.1,12.8
332,Jordan McRae,Jordan,McRae,SG,28,DEN,4,0,8,0.5,1.5,0.333,0.5,1,0.5,0,0.5,0,0.5,0.8,1,0.75,0.3,1,1.3,1,0.5,0.3,0,0.5,2.3
332,Jordan McRae,Jordan,McRae,SG,28,DET,4,0,24.5,3.5,10.8,0.326,0.8,4,0.188,2.8,6.8,0.407,0.36,4,5.5,0.727,0,3.8,3.8,1.8,0,0,1.3,2.5,11.8
333,Nicolò Melli,Nicolò,Melli,C,29,NOP,60,8,17.4,2.3,5.4,0.421,1.2,3.4,0.335,1.1,2,0.573,0.528,0.9,1.2,0.74,0.6,2.4,3,1.4,0.6,0.4,0.8,2.1,6.6
334,De'Anthony Melton,De'Anthony,Melton,PG,21,MEM,60,8,19.5,2.7,6.7,0.401,0.7,2.3,0.286,2,4.4,0.464,0.451,1.6,2,0.769,0.7,3,3.7,2.9,1.3,0.3,1.4,1.8,7.6
335,Chimezie Metu,Chimezie,Metu,C,22,SAS,18,0,5.8,1.3,2.3,0.571,0,0.1,0,1.3,2.2,0.6,0.571,0.6,0.7,0.769,0.7,1.2,1.8,0.6,0.2,0.3,0.6,0.4,3.2
336,Khris Middleton,Khris,Middleton,SF,28,MIL,62,59,29.9,7.6,15.3,0.497,2.4,5.7,0.415,5.2,9.6,0.546,0.575,3.4,3.7,0.916,0.7,5.5,6.2,4.3,0.9,0.1,2.2,2.3,20.9
337,Eric Mika,Eric,Mika,C,25,SAC,1,0,19,2,3,0.667,0,0,,2,3,0.667,0.667,2,2,1,2,5,7,0,0,0,0,5,6
338,C.J. Miles,C.J.,Miles,SF,32,WAS,10,0,16.1,1.9,5.9,0.322,1.1,3.5,0.314,0.8,2.4,0.333,0.415,1.5,2,0.75,0.4,0.8,1.2,1.2,1,0.4,0.4,1.4,6.4
339,Malcolm Miller,Malcolm,Miller,SF,26,TOR,28,1,5.8,0.4,1,0.414,0.3,0.8,0.364,0.1,0.3,0.571,0.552,0.1,0.3,0.375,0.1,0.5,0.6,0.4,0.2,0.1,0.1,0.6,1.3
340,Patty Mills,Patty,Mills,PG,31,SAS,66,1,22.5,3.9,9.1,0.431,2.3,6.1,0.382,1.6,3,0.533,0.56,1.5,1.7,0.866,0.3,1.3,1.6,1.8,0.8,0.1,0.8,1.6,11.6
341,Paul Millsap,Paul,Millsap,PF,34,DEN,51,48,24.3,4.1,8.6,0.482,1.1,2.4,0.435,3.1,6.2,0.5,0.543,2.3,2.8,0.816,1.9,3.8,5.7,1.6,0.9,0.6,1.4,2.9,11.6
342,Shake Milton,Shake,Milton,SG,23,PHI,40,24,20.1,3.4,6.9,0.484,1.5,3.4,0.43,1.9,3.6,0.535,0.588,1.3,1.6,0.785,0.4,1.8,2.2,2.6,0.5,0.2,1.2,2.3,9.4
343,Donovan Mitchell,Donovan,Mitchell,SG,23,UTA,69,69,34.3,8.7,19.4,0.449,2.5,6.9,0.366,6.2,12.6,0.494,0.513,4,4.7,0.863,0.8,3.6,4.4,4.3,1,0.2,2.7,2.5,24
344,Naz Mitrou-Long,Naz,Mitrou-Long,SG,26,IND,5,0,9.4,1.2,3.4,0.353,0.4,2.4,0.167,0.8,1,0.8,0.412,0,0,,0,1.4,1.4,1.6,0.2,0.2,0.6,0.4,2.8
345,Adam Mokoka,Adam,Mokoka,SF,21,CHI,11,0,10.2,1.1,2.5,0.429,0.5,1.4,0.4,0.5,1.2,0.462,0.536,0.2,0.4,0.5,0.6,0.3,0.9,0.4,0.4,0,0.2,1.5,2.9
346,Malik Monk,Malik,Monk,SG,21,CHO,55,1,21.3,3.9,8.9,0.434,1.1,3.7,0.284,2.8,5.2,0.542,0.494,1.5,1.8,0.82,0.5,2.4,2.9,2.1,0.5,0.3,1.4,1.3,10.3
347,Matt Mooney,Matt,Mooney,SG,22,CLE,4,0,4.8,0.3,1,0.25,0,0.5,0,0.3,0.5,0.5,0.25,0,0,,0,0.8,0.8,0.3,0.5,0.3,0,0.3,0.5
348,E'Twaun Moore,E'Twaun,Moore,SG,30,NOP,56,6,18.2,3.3,7.8,0.426,1.1,3,0.377,2.2,4.8,0.456,0.498,0.6,0.8,0.689,0.6,1.8,2.3,1.4,0.6,0.2,0.7,1.4,8.3
349,Ja Morant,Ja,Morant,PG,20,MEM,67,67,31,6.7,14,0.477,0.9,2.7,0.335,5.8,11.3,0.511,0.509,3.6,4.6,0.776,0.8,3.1,3.9,7.3,0.9,0.3,3.3,1.6,17.8
350,Juwan Morgan,Juwan,Morgan,PF,22,UTA,21,0,6.4,0.7,1.2,0.577,0.1,0.4,0.375,0.6,0.9,0.667,0.635,0.1,0.2,0.75,0.5,0.9,1.4,0.3,0,0.1,0.3,0.9,1.7
351,Marcus Morris,Marcus,Morris,SF-PF,30,TOT,62,62,31.2,5.7,13.1,0.438,2.3,5.6,0.408,3.4,7.5,0.461,0.526,2.9,3.5,0.823,1,4.1,5,1.4,0.8,0.5,1.6,2.9,16.7
351,Marcus Morris,Marcus,Morris,SF,30,NYK,43,43,32.3,6.5,14.8,0.442,2.7,6.1,0.439,3.8,8.7,0.444,0.533,3.8,4.6,0.823,1.1,4.3,5.4,1.4,0.8,0.4,1.7,3,19.6
351,Marcus Morris,Marcus,Morris,PF,30,LAC,19,19,28.9,3.9,9.2,0.425,1.4,4.4,0.31,2.5,4.7,0.533,0.5,0.9,1.2,0.818,0.6,3.5,4.1,1.4,0.7,0.7,1.3,2.7,10.1
352,Markieff Morris,Markieff,Morris,PF,30,TOT,58,17,20.5,3.5,7.9,0.443,1.5,3.9,0.386,2,4,0.5,0.539,1.1,1.5,0.776,0.7,3.1,3.8,1.3,0.5,0.3,1.3,2.3,9.7
352,Markieff Morris,Markieff,Morris,PF,30,DET,44,16,22.5,4,8.8,0.45,1.7,4.3,0.397,2.3,4.5,0.5,0.546,1.4,1.8,0.772,0.5,3.4,3.9,1.6,0.6,0.3,1.6,2.4,11
352,Markieff Morris,Markieff,Morris,PF,30,LAL,14,1,14.2,2,4.9,0.406,0.9,2.8,0.333,1.1,2.1,0.5,0.5,0.4,0.4,0.833,1.1,2.1,3.2,0.6,0.4,0.4,0.4,2.1,5.3
353,Monte Morris,Monte,Morris,PG,24,DEN,73,12,22.4,3.6,7.8,0.459,0.9,2.4,0.378,2.7,5.4,0.495,0.517,1,1.2,0.843,0.3,1.5,1.9,3.5,0.8,0.2,0.7,1,9
354,Johnathan Motley,Johnathan,Motley,PF,24,LAC,13,0,3.2,0.8,1.2,0.733,0.1,0.1,1,0.8,1.1,0.714,0.767,0.4,0.5,0.714,0.2,0.5,0.8,0.6,0.2,0,0.4,0.5,2.2
355,Emmanuel Mudiay,Emmanuel,Mudiay,PG,23,UTA,54,2,15.7,2.8,6.1,0.462,0.6,1.6,0.345,2.2,4.4,0.504,0.508,1.2,1.5,0.759,0.3,2,2.3,2.1,0.4,0.2,1.4,1.3,7.3
356,Mychal Mulder,Mychal,Mulder,SF,25,GSW,7,3,29.1,3.7,9.6,0.388,2.3,7.4,0.308,1.4,2.1,0.667,0.507,1.3,1.7,0.75,0.4,2.9,3.3,1.1,0.3,0.1,0.7,2.9,11
357,Dejounte Murray,Dejounte,Murray,PG,23,SAS,66,58,25.6,4.5,9.7,0.462,0.6,1.7,0.369,3.8,8,0.481,0.494,1.4,1.7,0.798,1,4.8,5.8,4.1,1.7,0.3,1.9,2.2,10.9
358,Jamal Murray,Jamal,Murray,PG,22,DEN,59,59,32.3,6.9,15.2,0.456,1.9,5.5,0.346,5,9.7,0.519,0.519,2.8,3.1,0.881,0.8,3.2,4,4.8,1.1,0.3,2.2,1.7,18.5
359,Džanan Musa,Džanan,Musa,SF,20,BRK,40,0,12.2,1.6,4.3,0.372,0.5,2,0.244,1.1,2.4,0.479,0.427,1.1,1.5,0.75,0.5,1.6,2.2,1.1,0.4,0,0.9,0.8,4.8
360,Mike Muscala,Mike,Muscala,C,28,OKC,47,2,12.2,1.6,4,0.407,1.1,3,0.378,0.5,1,0.5,0.55,0.4,0.5,0.818,0.3,2,2.3,0.9,0.2,0.3,0.4,1.2,4.8
361,Svi Mykhailiuk,Svi,Mykhailiuk,SF,22,DET,56,27,22.6,3,7.2,0.41,2.1,5.1,0.404,0.9,2.1,0.425,0.552,1,1.3,0.814,0.3,1.6,1.9,1.9,0.7,0.1,1.1,1.6,9
362,Abdel Nader,Abdel,Nader,SF,26,OKC,55,6,15.8,2.2,4.8,0.468,0.9,2.3,0.375,1.4,2.5,0.556,0.559,0.9,1.2,0.773,0.3,1.6,1.8,0.7,0.4,0.4,0.8,1.4,6.3
363,Larry Nance Jr.,Larry,Nance Jr.,PF,27,CLE,56,10,26.3,4.1,7.7,0.531,1,2.8,0.352,3.1,4.9,0.636,0.596,0.9,1.3,0.676,1.9,5.4,7.3,2.2,1,0.4,1.1,1.6,10.1
364,Shabazz Napier,Shabazz,Napier,PG,28,TOT,56,32,24,3.4,8.1,0.412,1.4,4.3,0.317,2,3.9,0.519,0.496,2.3,2.7,0.824,0.5,2.4,2.8,4.7,1.2,0.2,2.3,1.8,10.3
364,Shabazz Napier,Shabazz,Napier,PG,28,MIN,36,22,23.8,3.2,7.9,0.403,1.3,4.4,0.296,1.9,3.4,0.54,0.486,2,2.4,0.818,0.5,2.6,3.1,5.2,1.1,0.2,2.1,1.7,9.6
364,Shabazz Napier,Shabazz,Napier,PG,28,WAS,20,10,24.4,3.7,8.7,0.428,1.5,4.1,0.358,2.3,4.6,0.489,0.512,2.7,3.3,0.831,0.5,2,2.4,3.8,1.5,0.2,2.6,2,11.6
365,Raul Neto,Raul,Neto,PG,27,PHI,54,3,12.4,1.9,4.1,0.455,0.6,1.6,0.386,1.2,2.5,0.5,0.532,0.7,0.9,0.83,0.2,0.9,1.1,1.8,0.4,0.1,0.9,0.9,5.1
366,Malik Newman,Malik,Newman,SG,22,CLE,1,0,4,0,2,0,0,1,0,0,1,0,0,2,2,1,0,0,0,0,0,0,1,0,2
367,Georges Niang,Georges,Niang,PF,26,UTA,66,1,14,2.1,4.9,0.438,1.4,3.4,0.4,0.8,1.5,0.526,0.578,0.3,0.4,0.833,0.2,1.7,1.9,0.7,0.3,0.1,0.5,1.1,5.9
368,Joakim Noah,Joakim,Noah,C,34,LAC,5,0,10,0.8,1.6,0.5,0,0,,0.8,1.6,0.5,0.5,1.2,1.6,0.75,1,2.2,3.2,1.4,0.2,0.2,1.2,1.8,2.8
369,Nerlens Noel,Nerlens,Noel,C,25,OKC,61,7,18.5,3,4.4,0.684,0,0,0.333,3,4.4,0.688,0.686,1.3,1.7,0.755,1.5,3.4,4.9,0.9,1,1.5,1.1,2.7,7.4
370,Zach Norvell,Zach,Norvell,SG,22,TOT,5,0,8.2,0.6,2.4,0.25,0.6,1.6,0.375,0,0.8,0,0.375,0.2,0.2,1,0,1.2,1.2,0.6,0.4,0,0.6,0.8,2
370,Zach Norvell,Zach,Norvell,SG,22,LAL,2,0,2.5,0,0.5,0,0,0,,0,0.5,0,0,0,0,,0,0.5,0.5,0,0,0,0,0,0
370,Zach Norvell,Zach,Norvell,SG,22,GSW,3,0,12,1,3.7,0.273,1,2.7,0.375,0,1,0,0.409,0.3,0.3,1,0,1.7,1.7,1,0.7,0,1,1.3,3.3
371,Jaylen Nowell,Jaylen,Nowell,SG,20,MIN,15,0,10.1,1.3,3.5,0.358,0.2,1.7,0.115,1.1,1.8,0.593,0.387,1.1,1.1,0.941,0.2,0.7,0.9,1.3,0.2,0.1,0.2,0.7,3.8
372,Frank Ntilikina,Frank,Ntilikina,PG,21,NYK,57,26,20.8,2.3,5.8,0.393,0.8,2.4,0.321,1.5,3.4,0.444,0.459,0.9,1,0.864,0.4,1.7,2.1,3,0.9,0.3,1.2,2.5,6.3
373,Kendrick Nunn,Kendrick,Nunn,PG,24,MIA,67,67,29.3,6,13.6,0.439,2,5.8,0.35,3.9,7.8,0.505,0.514,1.3,1.5,0.85,0.3,2.4,2.7,3.3,0.8,0.2,1.7,2.3,15.3
374,Jusuf Nurkić,Jusuf,Nurkić,C,25,POR,8,8,31.6,6.8,13.6,0.495,0.3,1.3,0.2,6.5,12.4,0.525,0.505,3.9,4.4,0.886,2.9,7.4,10.3,4,1.4,2,2.4,4.9,17.6
375,David Nwaba,David,Nwaba,SF,27,BRK,20,0,13.4,1.9,3.6,0.521,0.6,1.4,0.429,1.3,2.2,0.581,0.606,0.9,1.4,0.667,0.4,1.9,2.3,0.4,0.6,0.6,0.4,1.6,5.2
376,Royce O'Neale,Royce,O'Neale,SF,26,UTA,71,62,28.9,2.2,5.1,0.433,1.3,3.4,0.377,0.9,1.7,0.545,0.559,0.6,0.8,0.764,0.4,5.1,5.5,2.5,0.8,0.5,0.9,2.8,6.3
377,Kyle O'Quinn,Kyle,O'Quinn,C,29,PHI,29,2,10.8,1.4,2.9,0.494,0.2,0.9,0.259,1.2,2,0.603,0.535,0.4,0.7,0.55,1.2,2.8,4,1.8,0.2,0.8,0.7,1.3,3.5
378,Semi Ojeleye,Semi,Ojeleye,PF,25,BOS,69,6,14.7,1.2,2.8,0.408,0.7,1.8,0.378,0.5,1,0.464,0.531,0.4,0.5,0.875,0.4,1.7,2.1,0.5,0.3,0.1,0.3,1.2,3.4
379,Jahlil Okafor,Jahlil,Okafor,C,24,NOP,30,9,15.6,3.4,5.4,0.623,0,0.1,0.333,3.3,5.3,0.629,0.627,1.3,2.1,0.645,1.6,2.6,4.2,1.2,0.2,0.7,1.3,2.2,8.1
380,Elie Okobo,Elie,Okobo,PG,22,PHO,55,3,13.1,1.3,3.3,0.398,0.5,1.3,0.352,0.9,2,0.427,0.467,0.9,1.3,0.704,0.3,1.3,1.6,2.1,0.4,0.1,0.7,1,4
381,Josh Okogie,Josh,Okogie,SG,21,MIN,62,28,25,2.7,6.4,0.427,0.7,2.5,0.266,2.1,3.9,0.529,0.479,2.5,3.1,0.796,1.4,2.9,4.3,1.6,1.1,0.4,1.4,2.2,8.6
382,KZ Okpala,KZ,Okpala,PF,20,MIA,5,0,5.2,0.6,1,0.6,0,0.2,0,0.6,0.8,0.75,0.6,0.2,0.4,0.5,0.2,0.8,1,0.2,0.4,0.2,0.2,0.4,1.4
383,Victor Oladipo,Victor,Oladipo,SG,27,IND,19,16,27.8,5.1,12.9,0.394,1.7,5.5,0.317,3.4,7.5,0.451,0.461,2.5,3.1,0.814,0.5,3.5,3.9,2.9,0.9,0.2,2.5,1.9,14.5
384,Kelly Olynyk,Kelly,Olynyk,C,28,MIA,67,9,19.4,2.7,5.9,0.462,1.4,3.5,0.406,1.3,2.4,0.543,0.582,1.3,1.5,0.86,0.7,3.9,4.6,1.7,0.7,0.3,1.1,2.6,8.2
385,Miye Oni,Miye,Oni,SF,22,UTA,10,1,10.9,1.2,3.2,0.375,0.7,1.9,0.368,0.5,1.3,0.385,0.484,0.4,0.5,0.8,0.5,1.2,1.7,0.4,0.4,0.2,0.4,0.9,3.5
386,Cedi Osman,Cedi,Osman,SF,24,CLE,65,65,29.4,4.1,9.4,0.437,1.9,4.9,0.383,2.2,4.4,0.497,0.538,1,1.4,0.67,0.6,3,3.6,2.4,0.8,0.2,1.4,2.5,11
387,Kelly Oubre Jr.,Kelly,Oubre Jr.,SF,24,PHO,56,55,34.5,6.7,14.8,0.452,1.9,5.5,0.352,4.7,9.3,0.511,0.517,3.4,4.4,0.78,1.2,5.3,6.4,1.5,1.3,0.7,1.5,3.4,18.7
388,Tariq Owens,Tariq,Owens,PF,24,PHO,3,0,5,0.3,1.7,0.2,0,0.7,0,0.3,1,0.333,0.2,0.7,0.7,1,0.7,0.3,1,0,0.3,0,0,0.3,1.3
389,Jeremy Pargo,Jeremy,Pargo,PG,33,GSW,3,0,14.7,3.7,7.3,0.5,1,2.3,0.429,2.7,5,0.533,0.568,0,0.3,0,0.3,0.7,1,2.7,0.3,0,1.3,2.7,8.3
390,Jabari Parker,Jabari,Parker,PF,24,TOT,38,23,24.1,5.8,11.3,0.51,0.8,3.1,0.269,4.9,8.2,0.603,0.548,1.6,2.1,0.753,1.6,4,5.6,1.8,1.2,0.4,1.7,2.6,14
390,Jabari Parker,Jabari,Parker,PF,24,ATL,32,23,26.2,6.2,12.3,0.504,1,3.6,0.27,5.2,8.7,0.601,0.543,1.7,2.3,0.736,1.7,4.3,6,1.8,1.3,0.5,1.9,2.9,15
390,Jabari Parker,Jabari,Parker,PF,24,SAC,6,0,13.3,3.5,6,0.583,0.2,0.7,0.25,3.3,5.3,0.625,0.597,1.3,1.5,0.889,1.2,2.7,3.8,1.7,0.5,0.2,0.7,1,8.5
391,Chandler Parsons,Chandler,Parsons,PF,31,ATL,5,0,10.8,1,3.6,0.278,0.8,2.8,0.286,0.2,0.8,0.25,0.389,0,0,,0.2,1.2,1.4,0.6,0.8,0.2,0.6,0.6,2.8
392,Eric Paschall,Eric,Paschall,PF,23,GSW,60,26,27.6,5.3,10.7,0.497,0.6,2.2,0.287,4.7,8.5,0.55,0.526,2.7,3.5,0.774,1.4,3.2,4.6,2.1,0.5,0.2,1.6,2.1,14
393,Anžejs Pasečņiks,Anžejs,Pasečņiks,C,24,WAS,27,0,16.2,2.3,4.3,0.526,0,0.1,0,2.3,4.2,0.54,0.526,1.3,2.1,0.586,1.6,2.4,4,0.7,0.3,0.4,0.9,2.8,5.8
394,Patrick Patterson,Patrick,Patterson,PF,30,LAC,59,18,13.2,1.6,3.9,0.408,1.1,2.9,0.39,0.5,1,0.459,0.552,0.6,0.7,0.814,0.6,2,2.6,0.7,0.1,0.1,0.4,0.9,4.9
395,Justin Patton,Justin,Patton,C,22,OKC,5,0,4.8,0.8,2,0.4,0.2,0.8,0.25,0.6,1.2,0.5,0.45,0,0,,0.2,0.8,1,0.4,0,0,0.4,0.8,1.8
396,Chris Paul,Chris,Paul,PG,34,OKC,70,70,31.5,6.2,12.7,0.489,1.6,4.3,0.365,4.6,8.3,0.554,0.552,3.6,4,0.907,0.4,4.6,5,6.7,1.6,0.2,2.3,2.3,17.6
397,Cameron Payne,Cameron,Payne,SG,25,PHO,8,0,22.9,4.1,8.5,0.485,1.9,3.6,0.517,2.3,4.9,0.462,0.596,0.8,0.9,0.857,0.5,3.4,3.9,3,1,0.3,1.4,2.5,10.9
398,Elfrid Payton,Elfrid,Payton,PG,25,NYK,45,36,27.7,4.3,9.8,0.439,0.3,1.5,0.203,4,8.2,0.482,0.455,1.1,1.9,0.57,1.2,3.6,4.7,7.2,1.6,0.4,2.1,2,10
399,Gary Payton II,Gary,Payton II,SF,27,WAS,29,17,14.9,1.7,4,0.414,0.4,1.6,0.283,1.2,2.4,0.5,0.47,0.1,0.3,0.5,0.9,1.9,2.8,1.7,1.1,0.2,0.7,1.9,3.9
400,Norvel Pelle,Norvel,Pelle,C,26,PHI,24,0,9.7,1,2,0.521,0,0,0,1,2,0.532,0.521,0.3,0.6,0.5,0.8,2.2,3,0.3,0.1,1.3,0.8,2.3,2.4
401,Theo Pinson,Theo,Pinson,SG,24,BRK,33,0,11.1,1.4,4.7,0.29,0.5,2.4,0.188,0.9,2.3,0.4,0.339,0.5,0.5,0.938,0.3,1.3,1.6,1.7,0.5,0.1,1,1.1,3.6
402,Mason Plumlee,Mason,Plumlee,C,29,DEN,61,1,17.3,2.9,4.7,0.615,0,0.1,0,2.9,4.6,0.625,0.615,1.4,2.5,0.535,1.6,3.6,5.2,2.5,0.5,0.6,1.3,2.3,7.2
403,Jakob Poeltl,Jakob,Poeltl,C,24,SAS,66,18,17.7,2.5,4,0.624,0,0,,2.5,4,0.624,0.624,0.6,1.3,0.465,2,3.7,5.7,1.8,0.6,1.4,0.8,1.9,5.6
404,Vincent Poirier,Vincent,Poirier,C,26,BOS,22,0,5.9,0.8,1.6,0.472,0,0.1,0.5,0.7,1.5,0.471,0.486,0.3,0.3,0.857,0.6,1.4,2,0.4,0.1,0.4,0.4,1.1,1.9
405,Shamorie Ponds,Shamorie,Ponds,PG,21,TOR,4,0,2.8,0.8,1.3,0.6,0.3,0.5,0.5,0.5,0.8,0.667,0.7,0.5,0.5,1,0,0.3,0.3,0.5,0,0.3,0,0.5,2.3
406,Jordan Poole,Jordan,Poole,SG,20,GSW,57,14,22.4,2.9,8.8,0.333,1.3,4.6,0.279,1.6,4.2,0.392,0.406,1.7,2.1,0.798,0.2,1.9,2.1,2.4,0.6,0.2,1.3,1.6,8.8
407,Kevin Porter Jr.,Kevin,Porter Jr.,SF,19,CLE,50,3,23.2,3.7,8.4,0.442,1.1,3.2,0.335,2.7,5.3,0.506,0.505,1.5,2,0.723,0.4,2.8,3.2,2.2,0.9,0.3,1.9,2.7,10